recipe,ingredient,grams,kcal_100,protein_100,fat_100,carbs_100,fiber_100,protein_contribution,kcal_contribution
Овсянка с черникой и йогуртом,Овсянка,54,370,13,7,62,10,7.02,199.8
Овсянка с черникой и йогуртом,Греческий йогурт 2%,180,73,9,2,4,0,16.2,131.4
Овсянка с черникой и йогуртом,Черника,90,57,0.7,0.3,14,2.4,0.63,51.3
Овсянка с черникой и йогуртом,Семена чиа,14,486,17,31,42,34,2.38,68.0
Овсянка с черникой и йогуртом,Соль,0.5,0,0,0,0,0,0.0,0.0
Овсянка с малиной и миндалём,Овсянка,54,370,13,7,62,10,7.02,199.8
Овсянка с малиной и миндалём,Малина,90,52,1.2,0.7,12,6.5,1.08,46.8
Овсянка с малиной и миндалём,Миндаль,18,579,21,50,22,12.5,3.78,104.2
Овсянка с малиной и миндалём,"Молоко 3,2%",180,60,3.2,3.2,4.7,0,5.76,108.0
Овсянка с малиной и миндалём,Соль,0.5,0,0,0,0,0,0.0,0.0
Овсянка с яблоком и льном,Овсянка,54,370,13,7,62,10,7.02,199.8
Овсянка с яблоком и льном,Яблоко,135,52,0.3,0.2,14,2.4,0.41,70.2
Овсянка с яблоком и льном,Семена льна,14,534,18,42,29,27,2.52,74.8
Овсянка с яблоком и льном,"Молоко 3,2%",180,60,3.2,3.2,4.7,0,5.76,108.0
Овсянка с яблоком и льном,Соль,0.5,0,0,0,0,0,0.0,0.0
Овсянка с грушей и грецким орехом,Овсянка,54,370,13,7,62,10,7.02,199.8
Овсянка с грушей и грецким орехом,Груша,144,57,0.4,0.1,15,3.1,0.58,82.1
Овсянка с грушей и грецким орехом,Грецкие орехи,18,654,15,65,14,6.7,2.7,117.7
Овсянка с грушей и грецким орехом,"Кефир 2,5%",225,53,3,2.5,4,0,6.75,119.2
Овсянка с грушей и грецким орехом,Соль,0.5,0,0,0,0,0,0.0,0.0
Овсянка с бананом и сливочным маслом,Овсянка,54,370,13,7,62,10,7.02,199.8
Овсянка с бананом и сливочным маслом,Банан,108,89,1.1,0.3,23,2.6,1.19,96.1
Овсянка с бананом и сливочным маслом,"Молоко 3,2%",180,60,3.2,3.2,4.7,0,5.76,108.0
Овсянка с бананом и сливочным маслом,Сливочное масло,7,717,0.9,81.1,0.1,0,0.06,50.2
Овсянка с бананом и сливочным маслом,Соль,0.5,0,0,0,0,0,0.0,0.0
Гречневая каша с яблоком,Гречка,68,343,13,3.4,72,10,8.84,233.2
Гречневая каша с яблоком,Яблоко,135,52,0.3,0.2,14,2.4,0.41,70.2
Гречневая каша с яблоком,"Молоко 3,2%",180,60,3.2,3.2,4.7,0,5.76,108.0
Гречневая каша с яблоком,Семена чиа,14,486,17,31,42,34,2.38,68.0
Киноа с клубникой и йогуртом,Киноа,63,368,14,6,64,7,8.82,231.8
Киноа с клубникой и йогуртом,Клубника,108,32,0.7,0.3,7.7,2,0.76,34.6
Киноа с клубникой и йогуртом,Греческий йогурт 2%,180,73,9,2,4,0,16.2,131.4
Киноа с клубникой и йогуртом,Мёд,11,304,0.3,0,82,0.2,0.03,33.4
Йогурт-боул с голубикой,Греческий йогурт 2%,180,73,9,2,4,0,16.2,131.4
Йогурт-боул с голубикой,Голубика,90,57,0.7,0.3,14,2.4,0.63,51.3
Йогурт-боул с голубикой,Овсянка,54,370,13,7,62,10,7.02,199.8
Йогурт-боул с голубикой,Фисташки,18,562,20,45,28,10,3.6,101.2
Йогурт-боул с голубикой,Соль,0.5,0,0,0,0,0,0.0,0.0
Йогурт-боул с малиной и чиа,Греческий йогурт 2%,180,73,9,2,4,0,16.2,131.4
Йогурт-боул с малиной и чиа,Малина,90,52,1.2,0.7,12,6.5,1.08,46.8
Йогурт-боул с малиной и чиа,Семена чиа,14,486,17,31,42,34,2.38,68.0
Йогурт-боул с малиной и чиа,Банан,108,89,1.1,0.3,23,2.6,1.19,96.1
Творог с клубникой и миндалём,Творог 5%,180,121,17,5,3,0,30.6,217.8
Творог с клубникой и миндалём,Клубника,108,32,0.7,0.3,7.7,2,0.76,34.6
Творог с клубникой и миндалём,Миндаль,18,579,21,50,22,12.5,3.78,104.2
Творог с клубникой и миндалём,Мёд,11,304,0.3,0,82,0.2,0.03,33.4
Творог с черникой и бананом,Творог 5%,180,121,17,5,3,0,30.6,217.8
Творог с черникой и бананом,Черника,90,57,0.7,0.3,14,2.4,0.63,51.3
Творог с черникой и бананом,Банан,108,89,1.1,0.3,23,2.6,1.19,96.1
Творог с черникой и бананом,Семена чиа,14,486,17,31,42,34,2.38,68.0
Творожные оладьи с овсянкой,Творог 5%,150,121,17,5,3,0,25.5,181.5
Творожные оладьи с овсянкой,Овсянка,45,370,13,7,62,10,5.85,166.5
Творожные оладьи с овсянкой,Яйца,60,143,12.6,9.5,0.7,0,7.56,85.8
Творожные оладьи с овсянкой,Банан,80,89,1.1,0.3,23,2.6,0.88,71.2
Творожные оладьи с овсянкой,Соль,0.5,0,0,0,0,0,0.0,0.0
Омлет со шпинатом и томатами,Яйца,120,143,12.6,9.5,0.7,0,15.12,171.6
Омлет со шпинатом и томатами,Шпинат,90,23,2.9,0.4,3.6,2.2,2.61,20.7
Омлет со шпинатом и томатами,Помидоры,135,18,0.9,0.2,3.9,1.2,1.22,24.3
Омлет со шпинатом и томатами,Чеддер,36,403,25,33,1.3,0,9.0,145.1
Омлет со шпинатом и томатами,Соль,1,0,0,0,0,0,0.0,0.0
Омлет со шпинатом и томатами,Чёрный перец,0.3,251,10.4,3.3,64,25,0.03,0.8
Омлет со шпинатом и томатами,Оливковое масло,4,884,0,100,0,0,0.0,35.4
Омлет со шпинатом и томатами,Базилик,2,23,3.2,0.6,2.7,1.6,0.06,0.5
Омлет с брокколи и сыром,Яйца,120,143,12.6,9.5,0.7,0,15.12,171.6
Омлет с брокколи и сыром,Брокколи,162,34,2.8,0.4,7,2.6,4.54,55.1
Омлет с брокколи и сыром,Гауда,36,356,25,27,2.2,0,9.0,128.2
Омлет с брокколи и сыром,Соль,1,0,0,0,0,0,0.0,0.0
Омлет с брокколи и сыром,Чёрный перец,0.3,251,10.4,3.3,64,25,0.03,0.8
Омлет с индейкой и перцем,Яйца,120,143,12.6,9.5,0.7,0,15.12,171.6
Омлет с индейкой и перцем,Индейка,153,114,23.7,1.5,0,0,36.26,174.4
Омлет с индейкой и перцем,Перец,135,31,1,0.3,6,2.1,1.35,41.9
Омлет с индейкой и перцем,Соль,0.8,0,0,0,0,0,0.0,0.0
Омлет с индейкой и перцем,Чёрный перец,0.3,251,10.4,3.3,64,25,0.03,0.8
Омлет с индейкой и перцем,Оливковое масло,4,884,0,100,0,0,0.0,35.4
Омлет с индейкой и перцем,Чеснок,3,149,6.4,0.5,33.1,2.1,0.19,4.5
Омлет с индейкой и перцем,Соевый соус,12,53,8.1,0.6,4.9,0.8,0.97,6.4
Омлет с индейкой и перцем,Имбирь,3,80,1.8,0.8,17.8,2,0.05,2.4
Яичница с авокадо и тостом,Яйца,120,143,12.6,9.5,0.7,0,15.12,171.6
Яичница с авокадо и тостом,Авокадо,63,160,2,15,8.5,6.7,1.26,100.8
Яичница с авокадо и тостом,Хлеб цельнозерновой,54,252,12.45,3.5,42.71,6,6.72,136.1
Яичница с авокадо и тостом,Помидоры,135,18,0.9,0.2,3.9,1.2,1.22,24.3
Яичница с авокадо и тостом,Соль,1,0,0,0,0,0,0.0,0.0
Яичница с авокадо и тостом,Чёрный перец,0.3,251,10.4,3.3,64,25,0.03,0.8
Яичница с авокадо и тостом,Оливковое масло,4,884,0,100,0,0,0.0,35.4
Яичница с авокадо и тостом,Базилик,2,23,3.2,0.6,2.7,1.6,0.06,0.5
Скрэмбл со слабосолёным лососем и шпинатом,Яйца,120,143,12.6,9.5,0.7,0,15.12,171.6
Скрэмбл со слабосолёным лососем и шпинатом,Шпинат,60,23,2.9,0.4,3.6,2.2,1.74,13.8
Скрэмбл со слабосолёным лососем и шпинатом,Оливковое масло,4,884,0,100,0,0,0.0,35.4
Скрэмбл со слабосолёным лососем и шпинатом,Лимон,8,29,1.1,0.3,9.3,2.8,0.09,2.3
Скрэмбл со слабосолёным лососем и шпинатом,Соль,0.6,0,0,0,0,0,0.0,0.0
Скрэмбл со слабосолёным лососем и шпинатом,Чёрный перец,0.2,251,10.4,3.3,64,25,0.02,0.5
Скрэмбл со слабосолёным лососем и шпинатом,Лосось слабосолёный,60,202,22.5,12.5,0,0,13.5,121.2
"Тост с авокадо, фетой и помидорами",Хлеб цельнозерновой,70,252,12.45,3.5,42.71,6,8.71,176.4
"Тост с авокадо, фетой и помидорами",Авокадо,65,160,2,15,8.5,6.7,1.3,104.0
"Тост с авокадо, фетой и помидорами",Фета,35,265,14.2,21.5,3.9,0,4.97,92.8
"Тост с авокадо, фетой и помидорами",Помидоры,110,18,0.9,0.2,3.9,1.2,0.99,19.8
"Тост с авокадо, фетой и помидорами",Лимон,8,29,1.1,0.3,9.3,2.8,0.09,2.3
"Тост с авокадо, фетой и помидорами",Чёрный перец,0.2,251,10.4,3.3,64,25,0.02,0.5
Тост с рикоттой и клубникой,Хлеб цельнозерновой,54,252,12.45,3.5,42.71,6,6.72,136.1
Тост с рикоттой и клубникой,Рикотта,90,174,11,13,3,0,9.9,156.6
Тост с рикоттой и клубникой,Клубника,108,32,0.7,0.3,7.7,2,0.76,34.6
Тост с рикоттой и клубникой,Мёд,11,304,0.3,0,82,0.2,0.03,33.4
Тост с тунцом и огурцом,Хлеб цельнозерновой,54,252,12.45,3.5,42.71,6,6.72,136.1
Тост с тунцом и огурцом,Огурцы,135,15,0.7,0.1,3.6,0.5,0.94,20.2
Тост с тунцом и огурцом,Греческий йогурт 2%,180,73,9,2,4,0,16.2,131.4
Тост с тунцом и огурцом,Тунец консервированный в собственном соку,144,116,25.5,0.8,0,0,36.72,167.0
Тост с тунцом и огурцом,Чёрный перец,0.3,251,10.4,3.3,64,25,0.03,0.8
Тост с тунцом и огурцом,Лимон,10,29,1.1,0.3,9.3,2.8,0.11,2.9
Тост с тунцом и огурцом,Горчица,6,66,4.4,4,5.8,3.3,0.26,4.0
Тост с тунцом и огурцом,Оливковое масло,5,884,0,100,0,0,0.0,44.2
Буррито-завтрак с яйцом и фасолью,Яйца,120,143,12.6,9.5,0.7,0,15.12,171.6
Буррито-завтрак с яйцом и фасолью,Фасоль готовая,117,127,8.7,0.5,22.8,6.4,10.18,148.6
Буррито-завтрак с яйцом и фасолью,Перец,135,31,1,0.3,6,2.1,1.35,41.9
Буррито-завтрак с яйцом и фасолью,Пармезан,22,431,38,29,4.1,0,8.36,94.8
Буррито-завтрак с яйцом и фасолью,Соль,0.7,0,0,0,0,0,0.0,0.0
Буррито-завтрак с яйцом и фасолью,Чёрный перец,0.2,251,10.4,3.3,64,25,0.02,0.5
Буррито-завтрак с яйцом и фасолью,Оливковое масло,4,884,0,100,0,0,0.0,35.4
Буррито-завтрак с яйцом и фасолью,Лимон,12,29,1.1,0.3,9.3,2.8,0.13,3.5
Буррито-завтрак с яйцом и фасолью,Тахини,15,595,17,54,21,9.3,2.55,89.2
Буррито-завтрак с яйцом и фасолью,Чеснок,2,149,6.4,0.5,33.1,2.1,0.13,3.0
Французский тост с творогом и малиной,Хлеб цельнозерновой,80,252,12.45,3.5,42.71,6,9.96,201.6
Французский тост с творогом и малиной,Яйца,60,143,12.6,9.5,0.7,0,7.56,85.8
Французский тост с творогом и малиной,Творог 5%,100,121,17,5,3,0,17.0,121.0
Французский тост с творогом и малиной,Малина,80,52,1.2,0.7,12,6.5,0.96,41.6
Французский тост с творогом и малиной,Мёд,10,304,0.3,0,82,0.2,0.03,30.4
Французский тост с творогом и малиной,Соль,1,0,0,0,0,0,0.0,0.0
Французский тост с творогом и малиной,Чёрный перец,0.3,251,10.4,3.3,64,25,0.03,0.8
Фриттата со шпинатом и творогом,Яйца,120,143,12.6,9.5,0.7,0,15.12,171.6
Фриттата со шпинатом и творогом,Творог 5%,100,121,17,5,3,0,17.0,121.0
Фриттата со шпинатом и творогом,Шпинат,80,23,2.9,0.4,3.6,2.2,2.32,18.4
Фриттата со шпинатом и творогом,Соль,1,0,0,0,0,0,0.0,0.0
Фриттата со шпинатом и творогом,Чёрный перец,0.3,251,10.4,3.3,64,25,0.03,0.8
Фриттата со шпинатом и творогом,Оливковое масло,4,884,0,100,0,0,0.0,35.4
Рисовая каша с вишней,Рис,68,360,7,1,79,1.3,4.76,244.8
Рисовая каша с вишней,"Молоко 3,2%",180,60,3.2,3.2,4.7,0,5.76,108.0
Рисовая каша с вишней,Вишня,108,50,1,0.3,12,1.6,1.08,54.0
Рисовая каша с вишней,Миндаль,18,579,21,50,22,12.5,3.78,104.2
Кефирный боул с ягодами,"Кефир 2,5%",225,53,3,2.5,4,0,6.75,119.2
Кефирный боул с ягодами,Малина,90,52,1.2,0.7,12,6.5,1.08,46.8
Кефирный боул с ягодами,Черника,90,57,0.7,0.3,14,2.4,0.63,51.3
Кефирный боул с ягодами,Овсянка,54,370,13,7,62,10,7.02,199.8
Кефирный боул с ягодами,Соль,0.5,0,0,0,0,0,0.0,0.0
Смузи с бананом и черникой,Банан,108,89,1.1,0.3,23,2.6,1.19,96.1
Смузи с бананом и черникой,Черника,90,57,0.7,0.3,14,2.4,0.63,51.3
Смузи с бананом и черникой,Греческий йогурт 2%,180,73,9,2,4,0,16.2,131.4
Смузи с бананом и черникой,Овсянка,54,370,13,7,62,10,7.02,199.8
Смузи с бананом и черникой,Соль,0.5,0,0,0,0,0,0.0,0.0
Смузи с манго и кефиром,Манго,126,60,0.8,0.4,15,1.6,1.01,75.6
Смузи с манго и кефиром,"Кефир 2,5%",225,53,3,2.5,4,0,6.75,119.2
Смузи с манго и кефиром,Банан,108,89,1.1,0.3,23,2.6,1.19,96.1
Смузи с манго и кефиром,Семена чиа,14,486,17,31,42,34,2.38,68.0
Смузи с клубникой и бананом,Клубника,120,32,0.7,0.3,7.7,2,0.84,38.4
Смузи с клубникой и бананом,Банан,100,89,1.1,0.3,23,2.6,1.1,89.0
Смузи с клубникой и бананом,Греческий йогурт 2%,120,73,9,2,4,0,10.8,87.6
Смузи с клубникой и бананом,"Молоко 3,2%",120,60,3.2,3.2,4.7,0,3.84,72.0
Чиа-пудинг с малиной,Семена чиа,14,486,17,31,42,34,2.38,68.0
Чиа-пудинг с малиной,"Молоко 3,2%",180,60,3.2,3.2,4.7,0,5.76,108.0
Чиа-пудинг с малиной,Малина,90,52,1.2,0.7,12,6.5,1.08,46.8
Чиа-пудинг с малиной,Греческий йогурт 2%,180,73,9,2,4,0,16.2,131.4
Чиа-пудинг с черникой,Семена чиа,14,486,17,31,42,34,2.38,68.0
Чиа-пудинг с черникой,"Молоко 3,2%",180,60,3.2,3.2,4.7,0,5.76,108.0
Чиа-пудинг с черникой,Черника,90,57,0.7,0.3,14,2.4,0.63,51.3
Чиа-пудинг с черникой,Банан,108,89,1.1,0.3,23,2.6,1.19,96.1
Тост с фетой и томатами,Хлеб цельнозерновой,54,252,12.45,3.5,42.71,6,6.72,136.1
Тост с фетой и томатами,Фета,63,265,14.2,21.5,3.9,0,8.95,166.9
Тост с фетой и томатами,Помидоры,135,18,0.9,0.2,3.9,1.2,1.22,24.3
Тост с фетой и томатами,Шпинат,90,23,2.9,0.4,3.6,2.2,2.61,20.7
Горячий сэндвич с индейкой,Хлеб цельнозерновой,54,252,12.45,3.5,42.71,6,6.72,136.1
Горячий сэндвич с индейкой,Индейка,153,114,23.7,1.5,0,0,36.26,174.4
Горячий сэндвич с индейкой,Фета,63,265,14.2,21.5,3.9,0,8.95,166.9
Горячий сэндвич с индейкой,Помидоры,135,18,0.9,0.2,3.9,1.2,1.22,24.3
Горячий сэндвич с индейкой,Чёрный перец,0.3,251,10.4,3.3,64,25,0.03,0.8
Горячий сэндвич с индейкой,Соль,0.8,0,0,0,0,0,0.0,0.0
Горячий сэндвич с индейкой,Чеснок,3,149,6.4,0.5,33.1,2.1,0.19,4.5
Горячий сэндвич с индейкой,Горчица,7,66,4.4,4,5.8,3.3,0.31,4.6
Горячий сэндвич с индейкой,Мёд,6,304,0.3,0,82,0.2,0.02,18.2
Горячий сэндвич с индейкой,Оливковое масло,4,884,0,100,0,0,0.0,35.4
Картофельный завтрак с яйцом,Картофель,225,77,2,0.1,17,2.2,4.5,173.2
Картофельный завтрак с яйцом,Яйца,120,143,12.6,9.5,0.7,0,15.12,171.6
Картофельный завтрак с яйцом,Шпинат,90,23,2.9,0.4,3.6,2.2,2.61,20.7
Картофельный завтрак с яйцом,Помидоры,135,18,0.9,0.2,3.9,1.2,1.22,24.3
Картофельный завтрак с яйцом,Соль,1,0,0,0,0,0,0.0,0.0
Картофельный завтрак с яйцом,Чёрный перец,0.3,251,10.4,3.3,64,25,0.03,0.8
Картофельный завтрак с яйцом,Оливковое масло,4,884,0,100,0,0,0.0,35.4
Картофельный завтрак с яйцом,Базилик,2,23,3.2,0.6,2.7,1.6,0.06,0.5
Батат с яйцом и авокадо,Батат,198,86,1.6,0.1,20,3,3.17,170.3
Батат с яйцом и авокадо,Яйца,120,143,12.6,9.5,0.7,0,15.12,171.6
Батат с яйцом и авокадо,Авокадо,63,160,2,15,8.5,6.7,1.26,100.8
Батат с яйцом и авокадо,Соль,1,0,0,0,0,0,0.0,0.0
Батат с яйцом и авокадо,Чёрный перец,0.3,251,10.4,3.3,64,25,0.03,0.8
Киноа-омлет с овощами,Киноа,63,368,14,6,64,7,8.82,231.8
Киноа-омлет с овощами,Яйца,120,143,12.6,9.5,0.7,0,15.12,171.6
Киноа-омлет с овощами,Кабачок,162,17,1.2,0.3,3.1,1,1.94,27.5
Киноа-омлет с овощами,Перец,135,31,1,0.3,6,2.1,1.35,41.9
Киноа-омлет с овощами,Соль,1,0,0,0,0,0,0.0,0.0
Киноа-омлет с овощами,Чёрный перец,0.3,251,10.4,3.3,64,25,0.03,0.8
Киноа-омлет с овощами,Оливковое масло,4,884,0,100,0,0,0.0,35.4
Творожные панкейки с черникой,Творог 5%,140,121,17,5,3,0,23.8,169.4
Творожные панкейки с черникой,Яйца,60,143,12.6,9.5,0.7,0,7.56,85.8
Творожные панкейки с черникой,Овсянка,45,370,13,7,62,10,5.85,166.5
Творожные панкейки с черникой,Черника,90,57,0.7,0.3,14,2.4,0.63,51.3
Творожная миска с ежевикой,Творог 5%,180,121,17,5,3,0,30.6,217.8
Творожная миска с ежевикой,Ежевика,90,43,1.4,0.5,10,5.3,1.26,38.7
Творожная миска с ежевикой,Грецкие орехи,18,654,15,65,14,6.7,2.7,117.7
Йогурт с красной смородиной,Греческий йогурт 2%,180,73,9,2,4,0,16.2,131.4
Йогурт с красной смородиной,Красная смородина,90,56,1.4,0.2,14,4.3,1.26,50.4
Йогурт с красной смородиной,Овсянка,54,370,13,7,62,10,7.02,199.8
Йогурт с красной смородиной,Миндаль,18,579,21,50,22,12.5,3.78,104.2
Йогурт с красной смородиной,Соль,0.5,0,0,0,0,0,0.0,0.0
Йогурт с чёрной смородиной,Греческий йогурт 2%,180,73,9,2,4,0,16.2,131.4
Йогурт с чёрной смородиной,Чёрная смородина,90,63,1.4,0.4,15,6.8,1.26,56.7
Йогурт с чёрной смородиной,Семена чиа,14,486,17,31,42,34,2.38,68.0
Йогурт с чёрной смородиной,Банан,108,89,1.1,0.3,23,2.6,1.19,96.1
Перловая каша с грушей,Перловка,68,352,9.9,1.2,78,15.6,6.73,239.4
Перловая каша с грушей,Груша,144,57,0.4,0.1,15,3.1,0.58,82.1
Перловая каша с грушей,"Молоко 3,2%",180,60,3.2,3.2,4.7,0,5.76,108.0
Перловая каша с грушей,Фисташки,18,562,20,45,28,10,3.6,101.2
Курица с рисом и брокколи,Курица,170,120,22.5,2.6,0,0,38.25,204.0
Курица с рисом и брокколи,Рис,75,360,7,1,79,1.3,5.25,270.0
Курица с рисом и брокколи,Брокколи,180,34,2.8,0.4,7,2.6,5.04,61.2
Курица с рисом и брокколи,Оливковое масло,15,884,0,100,0,0,0.0,132.6
Курица с рисом и брокколи,Горчица,10,66,4.4,4,5.8,3.3,0.44,6.6
Курица с рисом и брокколи,Мёд,8,304,0.3,0,82,0.2,0.02,24.3
Курица с рисом и брокколи,Лимон,8,29,1.1,0.3,9.3,2.8,0.09,2.3
Курица с рисом и брокколи,Соль,0.8,0,0,0,0,0,0.0,0.0
Курица с рисом и брокколи,Чёрный перец,0.3,251,10.4,3.3,64,25,0.03,0.8
Курица с рисом и брокколи,Чеснок,3,149,6.4,0.5,33.1,2.1,0.19,4.5
Курица с рисом и брокколи,Соевый соус,12,53,8.1,0.6,4.9,0.8,0.97,6.4
Курица с рисом и брокколи,Имбирь,3,80,1.8,0.8,17.8,2,0.05,2.4
Курица с гречкой и кабачком,Курица,170,120,22.5,2.6,0,0,38.25,204.0
Курица с гречкой и кабачком,Гречка,75,343,13,3.4,72,10,9.75,257.2
Курица с гречкой и кабачком,Кабачок,180,17,1.2,0.3,3.1,1,2.16,30.6
Курица с гречкой и кабачком,Помидоры,150,18,0.9,0.2,3.9,1.2,1.35,27.0
Курица с гречкой и кабачком,Горчица,10,66,4.4,4,5.8,3.3,0.44,6.6
Курица с гречкой и кабачком,Мёд,8,304,0.3,0,82,0.2,0.02,24.3
Курица с гречкой и кабачком,Лимон,16,29,1.1,0.3,9.3,2.8,0.18,4.6
Курица с гречкой и кабачком,Оливковое масло,5,884,0,100,0,0,0.0,44.2
Курица с гречкой и кабачком,Соль,0.8,0,0,0,0,0,0.0,0.0
Курица с гречкой и кабачком,Чёрный перец,0.3,251,10.4,3.3,64,25,0.03,0.8
Курица с гречкой и кабачком,Чеснок,3,149,6.4,0.5,33.1,2.1,0.19,4.5
Курица с гречкой и кабачком,Греческий йогурт 2%,35,73,9,2,4,0,3.15,25.6
Курица с гречкой и кабачком,Укроп,3,43,3.5,1.1,7,2.1,0.1,1.3
Курица с булгуром и перцем,Курица,170,120,22.5,2.6,0,0,38.25,204.0
Курица с булгуром и перцем,Булгур,75,342,12,1.3,76,12.5,9.0,256.5
Курица с булгуром и перцем,Перец,150,31,1,0.3,6,2.1,1.5,46.5
Курица с булгуром и перцем,Шпинат,100,23,2.9,0.4,3.6,2.2,2.9,23.0
Курица с булгуром и перцем,Греческий йогурт 2%,45,73,9,2,4,0,4.05,32.9
Курица с булгуром и перцем,Чеснок,6,149,6.4,0.5,33.1,2.1,0.38,8.9
Курица с булгуром и перцем,Лимон,8,29,1.1,0.3,9.3,2.8,0.09,2.3
Курица с булгуром и перцем,Укроп,3,43,3.5,1.1,7,2.1,0.1,1.3
Курица с булгуром и перцем,Соль,0.8,0,0,0,0,0,0.0,0.0
Курица с булгуром и перцем,Чёрный перец,0.3,251,10.4,3.3,64,25,0.03,0.8
Курица с булгуром и перцем,Соевый соус,12,53,8.1,0.6,4.9,0.8,0.97,6.4
Курица с булгуром и перцем,Имбирь,3,80,1.8,0.8,17.8,2,0.05,2.4
Курица с киноа и авокадо,Курица,170,120,22.5,2.6,0,0,38.25,204.0
Курица с киноа и авокадо,Киноа,70,368,14,6,64,7,9.8,257.6
Курица с киноа и авокадо,Авокадо,70,160,2,15,8.5,6.7,1.4,112.0
Курица с киноа и авокадо,Огурцы,150,15,0.7,0.1,3.6,0.5,1.05,22.5
Курица с киноа и авокадо,Горчица,17,66,4.4,4,5.8,3.3,0.75,11.2
Курица с киноа и авокадо,Мёд,14,304,0.3,0,82,0.2,0.04,42.6
Курица с киноа и авокадо,Лимон,8,29,1.1,0.3,9.3,2.8,0.09,2.3
Курица с киноа и авокадо,Оливковое масло,9,884,0,100,0,0,0.0,79.6
Курица с киноа и авокадо,Соль,0.8,0,0,0,0,0,0.0,0.0
Курица с киноа и авокадо,Чёрный перец,0.3,251,10.4,3.3,64,25,0.03,0.8
Курица с киноа и авокадо,Чеснок,3,149,6.4,0.5,33.1,2.1,0.19,4.5
Индейка с гречкой и овощами,Индейка,170,114,23.7,1.5,0,0,40.29,193.8
Индейка с гречкой и овощами,Гречка,75,343,13,3.4,72,10,9.75,257.2
Индейка с гречкой и овощами,Перец,150,31,1,0.3,6,2.1,1.5,46.5
Индейка с гречкой и овощами,Огурцы,150,15,0.7,0.1,3.6,0.5,1.05,22.5
Индейка с гречкой и овощами,Горчица,10,66,4.4,4,5.8,3.3,0.44,6.6
Индейка с гречкой и овощами,Мёд,8,304,0.3,0,82,0.2,0.02,24.3
Индейка с гречкой и овощами,Лимон,8,29,1.1,0.3,9.3,2.8,0.09,2.3
Индейка с гречкой и овощами,Оливковое масло,5,884,0,100,0,0,0.0,44.2
Индейка с гречкой и овощами,Соль,0.8,0,0,0,0,0,0.0,0.0
Индейка с гречкой и овощами,Чёрный перец,0.3,251,10.4,3.3,64,25,0.03,0.8
Индейка с гречкой и овощами,Чеснок,3,149,6.4,0.5,33.1,2.1,0.19,4.5
Индейка с гречкой и овощами,Соевый соус,12,53,8.1,0.6,4.9,0.8,0.97,6.4
Индейка с гречкой и овощами,Имбирь,3,80,1.8,0.8,17.8,2,0.05,2.4
Индейка с бурым рисом,Индейка,170,114,23.7,1.5,0,0,40.29,193.8
Индейка с бурым рисом,Рис бурый,75,370,7.9,2.9,77,3.5,5.92,277.5
Индейка с бурым рисом,Брокколи,180,34,2.8,0.4,7,2.6,5.04,61.2
Индейка с бурым рисом,Оливковое масло,15,884,0,100,0,0,0.0,132.6
Индейка с бурым рисом,Горчица,10,66,4.4,4,5.8,3.3,0.44,6.6
Индейка с бурым рисом,Мёд,8,304,0.3,0,82,0.2,0.02,24.3
Индейка с бурым рисом,Лимон,8,29,1.1,0.3,9.3,2.8,0.09,2.3
Индейка с бурым рисом,Соль,0.8,0,0,0,0,0,0.0,0.0
Индейка с бурым рисом,Чёрный перец,0.3,251,10.4,3.3,64,25,0.03,0.8
Индейка с бурым рисом,Чеснок,3,149,6.4,0.5,33.1,2.1,0.19,4.5
Индейка с бурым рисом,Соевый соус,12,53,8.1,0.6,4.9,0.8,0.97,6.4
Индейка с бурым рисом,Имбирь,3,80,1.8,0.8,17.8,2,0.05,2.4
Индейка с кускусом,Индейка,170,114,23.7,1.5,0,0,40.29,193.8
Индейка с кускусом,Кускус,75,376,12.8,0.6,77,5,9.6,282.0
Индейка с кускусом,Кабачок,180,17,1.2,0.3,3.1,1,2.16,30.6
Индейка с кускусом,Помидоры,150,18,0.9,0.2,3.9,1.2,1.35,27.0
Индейка с кускусом,Греческий йогурт 2%,80,73,9,2,4,0,7.2,58.4
Индейка с кускусом,Чеснок,6,149,6.4,0.5,33.1,2.1,0.38,8.9
Индейка с кускусом,Лимон,16,29,1.1,0.3,9.3,2.8,0.18,4.6
Индейка с кускусом,Укроп,6,43,3.5,1.1,7,2.1,0.21,2.6
Индейка с кускусом,Соль,0.8,0,0,0,0,0,0.0,0.0
Индейка с кускусом,Чёрный перец,0.3,251,10.4,3.3,64,25,0.03,0.8
Говядина с булгуром,Говядина,160,176,21.4,10.0,0,0,34.24,281.6
Говядина с булгуром,Булгур,75,342,12,1.3,76,12.5,9.0,256.5
Говядина с булгуром,Перец,150,31,1,0.3,6,2.1,1.5,46.5
Говядина с булгуром,Шпинат,100,23,2.9,0.4,3.6,2.2,2.9,23.0
Говядина с булгуром,Горчица,16,66,4.4,4,5.8,3.3,0.7,10.6
Говядина с булгуром,Мёд,8,304,0.3,0,82,0.2,0.02,24.3
Говядина с булгуром,Лимон,8,29,1.1,0.3,9.3,2.8,0.09,2.3
Говядина с булгуром,Оливковое масло,5,884,0,100,0,0,0.0,44.2
Говядина с булгуром,Соль,0.9,0,0,0,0,0,0.0,0.0
Говядина с булгуром,Чёрный перец,0.4,251,10.4,3.3,64,25,0.04,1.0
Говядина с булгуром,Чеснок,3,149,6.4,0.5,33.1,2.1,0.19,4.5
Говядина с булгуром,Соевый соус,12,53,8.1,0.6,4.9,0.8,0.97,6.4
Говядина с булгуром,Имбирь,3,80,1.8,0.8,17.8,2,0.05,2.4
Говядина с гречкой и свёклой,Говядина,160,176,21.4,10.0,0,0,34.24,281.6
Говядина с гречкой и свёклой,Гречка,75,343,13,3.4,72,10,9.75,257.2
Говядина с гречкой и свёклой,Свёкла,150,43,1.6,0.2,10,2.8,2.4,64.5
Говядина с гречкой и свёклой,Огурцы,150,15,0.7,0.1,3.6,0.5,1.05,22.5
Говядина с гречкой и свёклой,Уксус бальзамический,12,88,0.5,0,17,0,0.06,10.6
Говядина с гречкой и свёклой,Оливковое масло,11,884,0,100,0,0,0.0,97.2
Говядина с гречкой и свёклой,Горчица,10,66,4.4,4,5.8,3.3,0.44,6.6
Говядина с гречкой и свёклой,Соль,0.9,0,0,0,0,0,0.0,0.0
Говядина с гречкой и свёклой,Чёрный перец,0.4,251,10.4,3.3,64,25,0.04,1.0
Говядина с гречкой и свёклой,Чеснок,3,149,6.4,0.5,33.1,2.1,0.19,4.5
Говядина с гречкой и свёклой,Уксус винный,8,19,0,0,0.3,0,0.0,1.5
Свинина с картофелем и капустой,Свинина постная,160,143,21.4,5.7,0,0,34.24,228.8
Свинина с картофелем и капустой,Картофель,250,77,2,0.1,17,2.2,5.0,192.5
Свинина с картофелем и капустой,Капуста,150,25,1.3,0.1,5.8,2.5,1.95,37.5
Свинина с картофелем и капустой,Оливковое масло,19,884,0,100,0,0,0.0,168.0
Свинина с картофелем и капустой,Горчица,16,66,4.4,4,5.8,3.3,0.7,10.6
Свинина с картофелем и капустой,Мёд,8,304,0.3,0,82,0.2,0.02,24.3
Свинина с картофелем и капустой,Лимон,8,29,1.1,0.3,9.3,2.8,0.09,2.3
Свинина с картофелем и капустой,Соль,0.9,0,0,0,0,0,0.0,0.0
Свинина с картофелем и капустой,Чёрный перец,0.4,251,10.4,3.3,64,25,0.04,1.0
Свинина с картофелем и капустой,Чеснок,3,149,6.4,0.5,33.1,2.1,0.19,4.5
Свинина с картофелем и капустой,Уксус винный,8,19,0,0,0.3,0,0.0,1.5
Лосось с киноа и авокадо,Киноа,70,368,14,6,64,7,9.8,257.6
Лосось с киноа и авокадо,Авокадо,70,160,2,15,8.5,6.7,1.4,112.0
Лосось с киноа и авокадо,Огурцы,150,15,0.7,0.1,3.6,0.5,1.05,22.5
Лосось с киноа и авокадо,Лимон,30,29,1.1,0.3,9.3,2.8,0.33,8.7
Лосось с киноа и авокадо,Оливковое масло,14,884,0,100,0,0,0.0,123.8
Лосось с киноа и авокадо,Чёрный перец,0.8,251,10.4,3.3,64,25,0.08,2.0
Лосось с киноа и авокадо,Соль,0.8,0,0,0,0,0,0.0,0.0
Лосось с киноа и авокадо,Лосось свежий,160,208,20,13,0,0,32.0,332.8
Лосось с картофелем и брокколи,Картофель,250,77,2,0.1,17,2.2,5.0,192.5
Лосось с картофелем и брокколи,Брокколи,180,34,2.8,0.4,7,2.6,5.04,61.2
Лосось с картофелем и брокколи,Оливковое масло,24,884,0,100,0,0,0.0,212.2
Лосось с картофелем и брокколи,Лимон,30,29,1.1,0.3,9.3,2.8,0.33,8.7
Лосось с картофелем и брокколи,Чёрный перец,0.8,251,10.4,3.3,64,25,0.08,2.0
Лосось с картофелем и брокколи,Соль,0.8,0,0,0,0,0,0.0,0.0
Лосось с картофелем и брокколи,Укроп,3,43,3.5,1.1,7,2.1,0.1,1.3
Лосось с картофелем и брокколи,Лосось свежий,160,208,20,13,0,0,32.0,332.8
Форель с булгуром,Форель,160,148,20.5,6.5,0,0,32.8,236.8
Форель с булгуром,Булгур,75,342,12,1.3,76,12.5,9.0,256.5
Форель с булгуром,Зелёная фасоль,160,31,1.8,0.2,7,3.4,2.88,49.6
Форель с булгуром,Помидоры,150,18,0.9,0.2,3.9,1.2,1.35,27.0
Форель с булгуром,Лимон,30,29,1.1,0.3,9.3,2.8,0.33,8.7
Форель с булгуром,Оливковое масло,14,884,0,100,0,0,0.0,123.8
Форель с булгуром,Чёрный перец,0.8,251,10.4,3.3,64,25,0.08,2.0
Форель с булгуром,Соль,0.8,0,0,0,0,0,0.0,0.0
Форель с булгуром,Укроп,3,43,3.5,1.1,7,2.1,0.1,1.3
Треска с рисом и овощами,Треска,190,82,18,0.7,0,0,34.2,155.8
Треска с рисом и овощами,Рис,75,360,7,1,79,1.3,5.25,270.0
Треска с рисом и овощами,Кабачок,180,17,1.2,0.3,3.1,1,2.16,30.6
Треска с рисом и овощами,Перец,150,31,1,0.3,6,2.1,1.5,46.5
Треска с рисом и овощами,Лимон,30,29,1.1,0.3,9.3,2.8,0.33,8.7
Треска с рисом и овощами,Оливковое масло,14,884,0,100,0,0,0.0,123.8
Треска с рисом и овощами,Чёрный перец,0.8,251,10.4,3.3,64,25,0.08,2.0
Треска с рисом и овощами,Соль,0.8,0,0,0,0,0,0.0,0.0
Треска с рисом и овощами,Укроп,3,43,3.5,1.1,7,2.1,0.1,1.3
Треска с картофелем,Треска,190,82,18,0.7,0,0,34.2,155.8
Треска с картофелем,Картофель,250,77,2,0.1,17,2.2,5.0,192.5
Треска с картофелем,Капуста,150,25,1.3,0.1,5.8,2.5,1.95,37.5
Треска с картофелем,Оливковое масло,24,884,0,100,0,0,0.0,212.2
Треска с картофелем,Лимон,30,29,1.1,0.3,9.3,2.8,0.33,8.7
Треска с картофелем,Чёрный перец,0.8,251,10.4,3.3,64,25,0.08,2.0
Треска с картофелем,Соль,0.8,0,0,0,0,0,0.0,0.0
Треска с картофелем,Укроп,3,43,3.5,1.1,7,2.1,0.1,1.3
Свежий тунец с бурым рисом и авокадо,Рис бурый,75,370,7.9,2.9,77,3.5,5.92,277.5
Свежий тунец с бурым рисом и авокадо,Авокадо,70,160,2,15,8.5,6.7,1.4,112.0
Свежий тунец с бурым рисом и авокадо,Огурцы,150,15,0.7,0.1,3.6,0.5,1.05,22.5
Свежий тунец с бурым рисом и авокадо,Тунец свежий,160,109,24.4,0.5,0,0,39.04,174.4
Свежий тунец с бурым рисом и авокадо,Лимон,30,29,1.1,0.3,9.3,2.8,0.33,8.7
Свежий тунец с бурым рисом и авокадо,Оливковое масло,14,884,0,100,0,0,0.0,123.8
Свежий тунец с бурым рисом и авокадо,Чёрный перец,0.8,251,10.4,3.3,64,25,0.08,2.0
Свежий тунец с бурым рисом и авокадо,Соль,0.8,0,0,0,0,0,0.0,0.0
Свежий тунец с бурым рисом и авокадо,Укроп,3,43,3.5,1.1,7,2.1,0.1,1.3
Свежий тунец с цельнозерновой пастой и томатами,Макароны цельнозерновые,80,348,14,2.5,64,8,11.2,278.4
Свежий тунец с цельнозерновой пастой и томатами,Помидоры,150,18,0.9,0.2,3.9,1.2,1.35,27.0
Свежий тунец с цельнозерновой пастой и томатами,Шпинат,100,23,2.9,0.4,3.6,2.2,2.9,23.0
Свежий тунец с цельнозерновой пастой и томатами,Тунец свежий,160,109,24.4,0.5,0,0,39.04,174.4
Свежий тунец с цельнозерновой пастой и томатами,Лимон,15,29,1.1,0.3,9.3,2.8,0.17,4.3
Свежий тунец с цельнозерновой пастой и томатами,Оливковое масло,14,884,0,100,0,0,0.0,123.8
Свежий тунец с цельнозерновой пастой и томатами,Чёрный перец,0.8,251,10.4,3.3,64,25,0.08,2.0
Свежий тунец с цельнозерновой пастой и томатами,Чеснок,3,149,6.4,0.5,33.1,2.1,0.19,4.5
Свежий тунец с цельнозерновой пастой и томатами,Базилик,3,23,3.2,0.6,2.7,1.6,0.1,0.7
Свежий тунец с цельнозерновой пастой и томатами,Соль,0.8,0,0,0,0,0,0.0,0.0
Креветки с цельнозерновой пастой,Креветки сырые,180,85,20.1,0.5,0.2,0,36.18,153.0
Креветки с цельнозерновой пастой,Макароны цельнозерновые,80,348,14,2.5,64,8,11.2,278.4
Креветки с цельнозерновой пастой,Кабачок,180,17,1.2,0.3,3.1,1,2.16,30.6
Креветки с цельнозерновой пастой,Помидоры,150,18,0.9,0.2,3.9,1.2,1.35,27.0
Креветки с цельнозерновой пастой,Лимон,15,29,1.1,0.3,9.3,2.8,0.17,4.3
Креветки с цельнозерновой пастой,Оливковое масло,14,884,0,100,0,0,0.0,123.8
Креветки с цельнозерновой пастой,Чёрный перец,0.8,251,10.4,3.3,64,25,0.08,2.0
Креветки с цельнозерновой пастой,Чеснок,3,149,6.4,0.5,33.1,2.1,0.19,4.5
Креветки с цельнозерновой пастой,Базилик,3,23,3.2,0.6,2.7,1.6,0.1,0.7
Креветки с цельнозерновой пастой,Соль,0.8,0,0,0,0,0,0.0,0.0
Креветки с рисом и брокколи,Креветки сырые,180,85,20.1,0.5,0.2,0,36.18,153.0
Креветки с рисом и брокколи,Рис,75,360,7,1,79,1.3,5.25,270.0
Креветки с рисом и брокколи,Брокколи,180,34,2.8,0.4,7,2.6,5.04,61.2
Креветки с рисом и брокколи,Оливковое масло,24,884,0,100,0,0,0.0,212.2
Креветки с рисом и брокколи,Лимон,30,29,1.1,0.3,9.3,2.8,0.33,8.7
Креветки с рисом и брокколи,Чёрный перец,0.8,251,10.4,3.3,64,25,0.08,2.0
Креветки с рисом и брокколи,Соль,0.8,0,0,0,0,0,0.0,0.0
Креветки с рисом и брокколи,Укроп,3,43,3.5,1.1,7,2.1,0.1,1.3
Скумбрия с картофелем,Скумбрия,150,205,19,14,0,0,28.5,307.5
Скумбрия с картофелем,Картофель,250,77,2,0.1,17,2.2,5.0,192.5
Скумбрия с картофелем,Салат,100,15,1.4,0.2,2.9,1.3,1.4,15.0
Скумбрия с картофелем,Огурцы,150,15,0.7,0.1,3.6,0.5,1.05,22.5
Скумбрия с картофелем,Лимон,30,29,1.1,0.3,9.3,2.8,0.33,8.7
Скумбрия с картофелем,Оливковое масло,14,884,0,100,0,0,0.0,123.8
Скумбрия с картофелем,Чёрный перец,0.8,251,10.4,3.3,64,25,0.08,2.0
Скумбрия с картофелем,Соль,0.8,0,0,0,0,0,0.0,0.0
Скумбрия с картофелем,Укроп,3,43,3.5,1.1,7,2.1,0.1,1.3
Чечевица с киноа и шпинатом,Чечевица готовая,100,116,9.0,0.4,20.1,7.9,9.0,116.0
Чечевица с киноа и шпинатом,Киноа,70,368,14,6,64,7,9.8,257.6
Чечевица с киноа и шпинатом,Шпинат,100,23,2.9,0.4,3.6,2.2,2.9,23.0
Чечевица с киноа и шпинатом,Помидоры,150,18,0.9,0.2,3.9,1.2,1.35,27.0
Чечевица с киноа и шпинатом,Тахини,33,595,17,54,21,9.3,5.61,196.3
Чечевица с киноа и шпинатом,Лимон,24,29,1.1,0.3,9.3,2.8,0.26,7.0
Чечевица с киноа и шпинатом,Чеснок,4,149,6.4,0.5,33.1,2.1,0.26,6.0
Чечевица с киноа и шпинатом,Соль,0.7,0,0,0,0,0,0.0,0.0
Чечевица с киноа и шпинатом,Чёрный перец,0.2,251,10.4,3.3,64,25,0.02,0.5
Нут с тыквой и киноа,Нут готовый,130,164,8.9,2.6,27.4,7.6,11.57,213.2
Нут с тыквой и киноа,Тыква,180,26,1,0.1,6.5,0.5,1.8,46.8
Нут с тыквой и киноа,Киноа,70,368,14,6,64,7,9.8,257.6
Нут с тыквой и киноа,Шпинат,100,23,2.9,0.4,3.6,2.2,2.9,23.0
Нут с тыквой и киноа,Тахини,33,595,17,54,21,9.3,5.61,196.3
Нут с тыквой и киноа,Лимон,24,29,1.1,0.3,9.3,2.8,0.26,7.0
Нут с тыквой и киноа,Чеснок,4,149,6.4,0.5,33.1,2.1,0.26,6.0
Нут с тыквой и киноа,Соль,0.7,0,0,0,0,0,0.0,0.0
Нут с тыквой и киноа,Чёрный перец,0.2,251,10.4,3.3,64,25,0.02,0.5
Фасоль с бурым рисом,Фасоль готовая,130,127,8.7,0.5,22.8,6.4,11.31,165.1
Фасоль с бурым рисом,Рис бурый,75,370,7.9,2.9,77,3.5,5.92,277.5
Фасоль с бурым рисом,Перец,150,31,1,0.3,6,2.1,1.5,46.5
Фасоль с бурым рисом,Авокадо,70,160,2,15,8.5,6.7,1.4,112.0
Фасоль с бурым рисом,Тахини,33,595,17,54,21,9.3,5.61,196.3
Фасоль с бурым рисом,Лимон,24,29,1.1,0.3,9.3,2.8,0.26,7.0
Фасоль с бурым рисом,Чеснок,4,149,6.4,0.5,33.1,2.1,0.26,6.0
Фасоль с бурым рисом,Соль,0.7,0,0,0,0,0,0.0,0.0
Фасоль с бурым рисом,Чёрный перец,0.2,251,10.4,3.3,64,25,0.02,0.5
Тофу с гречкой и брокколи,Тофу,180,144,17,9,3,2,30.6,259.2
Тофу с гречкой и брокколи,Гречка,75,343,13,3.4,72,10,9.75,257.2
Тофу с гречкой и брокколи,Брокколи,180,34,2.8,0.4,7,2.6,5.04,61.2
Тофу с гречкой и брокколи,Перец,150,31,1,0.3,6,2.1,1.5,46.5
Тофу с гречкой и брокколи,Соевый соус,30,53,8.1,0.6,4.9,0.8,2.43,15.9
Тофу с гречкой и брокколи,Имбирь,8,80,1.8,0.8,17.8,2,0.14,6.4
Тофу с гречкой и брокколи,Чеснок,6,149,6.4,0.5,33.1,2.1,0.38,8.9
Тофу с рисом и овощами,Тофу,180,144,17,9,3,2,30.6,259.2
Тофу с рисом и овощами,Рис,75,360,7,1,79,1.3,5.25,270.0
Тофу с рисом и овощами,Кабачок,180,17,1.2,0.3,3.1,1,2.16,30.6
Тофу с рисом и овощами,Морковь,120,41,0.9,0.2,10,2.8,1.08,49.2
Тофу с рисом и овощами,Соевый соус,30,53,8.1,0.6,4.9,0.8,2.43,15.9
Тофу с рисом и овощами,Имбирь,8,80,1.8,0.8,17.8,2,0.14,6.4
Тофу с рисом и овощами,Чеснок,6,149,6.4,0.5,33.1,2.1,0.38,8.9
Хумус-боул с нутом,Хумус,60,166,8,10,14,6,4.8,99.6
Хумус-боул с нутом,Нут готовый,130,164,8.9,2.6,27.4,7.6,11.57,213.2
Хумус-боул с нутом,Огурцы,150,15,0.7,0.1,3.6,0.5,1.05,22.5
Хумус-боул с нутом,Помидоры,150,18,0.9,0.2,3.9,1.2,1.35,27.0
Хумус-боул с нутом,Булгур,75,342,12,1.3,76,12.5,9.0,256.5
Хумус-боул с нутом,Тахини,33,595,17,54,21,9.3,5.61,196.3
Хумус-боул с нутом,Лимон,24,29,1.1,0.3,9.3,2.8,0.26,7.0
Хумус-боул с нутом,Чеснок,4,149,6.4,0.5,33.1,2.1,0.26,6.0
Хумус-боул с нутом,Соль,0.7,0,0,0,0,0,0.0,0.0
Хумус-боул с нутом,Чёрный перец,0.2,251,10.4,3.3,64,25,0.02,0.5
Киноа-боул с фетой,Киноа,70,368,14,6,64,7,9.8,257.6
Киноа-боул с фетой,Фета,70,265,14.2,21.5,3.9,0,9.94,185.5
Киноа-боул с фетой,Помидоры,150,18,0.9,0.2,3.9,1.2,1.35,27.0
Киноа-боул с фетой,Огурцы,150,15,0.7,0.1,3.6,0.5,1.05,22.5
Киноа-боул с фетой,Шпинат,100,23,2.9,0.4,3.6,2.2,2.9,23.0
Киноа-боул с фетой,Соль,0.7,0,0,0,0,0,0.0,0.0
Киноа-боул с фетой,Чёрный перец,0.2,251,10.4,3.3,64,25,0.02,0.5
Киноа-боул с фетой,Лимон,12,29,1.1,0.3,9.3,2.8,0.13,3.5
Киноа-боул с фетой,Оливковое масло,6,884,0,100,0,0,0.0,53.0
Киноа-боул с фетой,Петрушка,3,36,3,0.8,6.3,3.3,0.09,1.1
Паста с курицей и шпинатом,Курица,170,120,22.5,2.6,0,0,38.25,204.0
Паста с курицей и шпинатом,Макароны цельнозерновые,80,348,14,2.5,64,8,11.2,278.4
Паста с курицей и шпинатом,Шпинат,100,23,2.9,0.4,3.6,2.2,2.9,23.0
Паста с курицей и шпинатом,Помидоры,150,18,0.9,0.2,3.9,1.2,1.35,27.0
Паста с курицей и шпинатом,Томатная паста,65,82,4.3,0.5,18.9,4.1,2.79,53.3
Паста с курицей и шпинатом,Чеснок,6,149,6.4,0.5,33.1,2.1,0.38,8.9
Паста с курицей и шпинатом,Базилик,8,23,3.2,0.6,2.7,1.6,0.26,1.8
Паста с курицей и шпинатом,Оливковое масло,10,884,0,100,0,0,0.0,88.4
Паста с курицей и шпинатом,Соль,0.8,0,0,0,0,0,0.0,0.0
Паста с курицей и шпинатом,Чёрный перец,0.3,251,10.4,3.3,64,25,0.03,0.8
Паста с индейкой и кабачком,Индейка,170,114,23.7,1.5,0,0,40.29,193.8
Паста с индейкой и кабачком,Макароны цельнозерновые,80,348,14,2.5,64,8,11.2,278.4
Паста с индейкой и кабачком,Кабачок,180,17,1.2,0.3,3.1,1,2.16,30.6
Паста с индейкой и кабачком,Помидоры,150,18,0.9,0.2,3.9,1.2,1.35,27.0
Паста с индейкой и кабачком,Томатная паста,65,82,4.3,0.5,18.9,4.1,2.79,53.3
Паста с индейкой и кабачком,Чеснок,6,149,6.4,0.5,33.1,2.1,0.38,8.9
Паста с индейкой и кабачком,Базилик,8,23,3.2,0.6,2.7,1.6,0.26,1.8
Паста с индейкой и кабачком,Оливковое масло,10,884,0,100,0,0,0.0,88.4
Паста с индейкой и кабачком,Соль,0.8,0,0,0,0,0,0.0,0.0
Паста с индейкой и кабачком,Чёрный перец,0.3,251,10.4,3.3,64,25,0.03,0.8
Булгур с говядиной и овощами,Говядина,160,176,21.4,10.0,0,0,34.24,281.6
Булгур с говядиной и овощами,Булгур,75,342,12,1.3,76,12.5,9.0,256.5
Булгур с говядиной и овощами,Баклажан,180,25,1,0.2,6,3,1.8,45.0
Булгур с говядиной и овощами,Перец,150,31,1,0.3,6,2.1,1.5,46.5
Булгур с говядиной и овощами,Горчица,16,66,4.4,4,5.8,3.3,0.7,10.6
Булгур с говядиной и овощами,Мёд,8,304,0.3,0,82,0.2,0.02,24.3
Булгур с говядиной и овощами,Лимон,8,29,1.1,0.3,9.3,2.8,0.09,2.3
Булгур с говядиной и овощами,Оливковое масло,5,884,0,100,0,0,0.0,44.2
Булгур с говядиной и овощами,Соль,0.9,0,0,0,0,0,0.0,0.0
Булгур с говядиной и овощами,Чёрный перец,0.4,251,10.4,3.3,64,25,0.04,1.0
Булгур с говядиной и овощами,Чеснок,3,149,6.4,0.5,33.1,2.1,0.19,4.5
Булгур с говядиной и овощами,Соевый соус,12,53,8.1,0.6,4.9,0.8,0.97,6.4
Булгур с говядиной и овощами,Имбирь,3,80,1.8,0.8,17.8,2,0.05,2.4
Кускус с курицей и овощами,Курица,170,120,22.5,2.6,0,0,38.25,204.0
Кускус с курицей и овощами,Кускус,75,376,12.8,0.6,77,5,9.6,282.0
Кускус с курицей и овощами,Огурцы,150,15,0.7,0.1,3.6,0.5,1.05,22.5
Кускус с курицей и овощами,Помидоры,150,18,0.9,0.2,3.9,1.2,1.35,27.0
Кускус с курицей и овощами,Греческий йогурт 2%,80,73,9,2,4,0,7.2,58.4
Кускус с курицей и овощами,Чеснок,6,149,6.4,0.5,33.1,2.1,0.38,8.9
Кускус с курицей и овощами,Лимон,16,29,1.1,0.3,9.3,2.8,0.18,4.6
Кускус с курицей и овощами,Укроп,6,43,3.5,1.1,7,2.1,0.21,2.6
Кускус с курицей и овощами,Соль,0.8,0,0,0,0,0,0.0,0.0
Кускус с курицей и овощами,Чёрный перец,0.3,251,10.4,3.3,64,25,0.03,0.8
Перловка с индейкой и овощами,Индейка,150,114,23.7,1.5,0,0,35.55,171.0
Перловка с индейкой и овощами,Перловка,70,352,9.9,1.2,78,15.6,6.93,246.4
Перловка с индейкой и овощами,Шпинат,80,23,2.9,0.4,3.6,2.2,2.32,18.4
Перловка с индейкой и овощами,Кабачок,140,17,1.2,0.3,3.1,1,1.68,23.8
Перловка с индейкой и овощами,Горчица,17,66,4.4,4,5.8,3.3,0.75,11.2
Перловка с индейкой и овощами,Мёд,14,304,0.3,0,82,0.2,0.04,42.6
Перловка с индейкой и овощами,Лимон,8,29,1.1,0.3,9.3,2.8,0.09,2.3
Перловка с индейкой и овощами,Оливковое масло,9,884,0,100,0,0,0.0,79.6
Перловка с индейкой и овощами,Соль,0.8,0,0,0,0,0,0.0,0.0
Перловка с индейкой и овощами,Чёрный перец,0.3,251,10.4,3.3,64,25,0.03,0.8
Перловка с индейкой и овощами,Чеснок,3,149,6.4,0.5,33.1,2.1,0.19,4.5
Картофельный боул с тунцом,Картофель,250,77,2,0.1,17,2.2,5.0,192.5
Картофельный боул с тунцом,Огурцы,150,15,0.7,0.1,3.6,0.5,1.05,22.5
Картофельный боул с тунцом,Греческий йогурт 2%,200,73,9,2,4,0,18.0,146.0
Картофельный боул с тунцом,Тунец консервированный в собственном соку,160,116,25.5,0.8,0,0,40.8,185.6
Картофельный боул с тунцом,Лимон,25,29,1.1,0.3,9.3,2.8,0.28,7.2
Картофельный боул с тунцом,Оливковое масло,13,884,0,100,0,0,0.0,114.9
Картофельный боул с тунцом,Чёрный перец,0.8,251,10.4,3.3,64,25,0.08,2.0
Батат с курицей и авокадо,Батат,220,86,1.6,0.1,20,3,3.52,189.2
Батат с курицей и авокадо,Курица,170,120,22.5,2.6,0,0,38.25,204.0
Батат с курицей и авокадо,Авокадо,70,160,2,15,8.5,6.7,1.4,112.0
Батат с курицей и авокадо,Салат,100,15,1.4,0.2,2.9,1.3,1.4,15.0
Батат с курицей и авокадо,Уксус бальзамический,22,88,0.5,0,17,0,0.11,19.4
Батат с курицей и авокадо,Оливковое масло,12,884,0,100,0,0,0.0,106.1
Батат с курицей и авокадо,Горчица,8,66,4.4,4,5.8,3.3,0.35,5.3
Батат с курицей и авокадо,Соль,0.8,0,0,0,0,0,0.0,0.0
Батат с курицей и авокадо,Чёрный перец,0.3,251,10.4,3.3,64,25,0.03,0.8
Батат с курицей и авокадо,Чеснок,3,149,6.4,0.5,33.1,2.1,0.19,4.5
Батат с нутом и шпинатом,Батат,220,86,1.6,0.1,20,3,3.52,189.2
Батат с нутом и шпинатом,Нут готовый,130,164,8.9,2.6,27.4,7.6,11.57,213.2
Батат с нутом и шпинатом,Шпинат,100,23,2.9,0.4,3.6,2.2,2.9,23.0
Батат с нутом и шпинатом,Греческий йогурт 2%,200,73,9,2,4,0,18.0,146.0
Батат с нутом и шпинатом,Тахини,33,595,17,54,21,9.3,5.61,196.3
Батат с нутом и шпинатом,Лимон,24,29,1.1,0.3,9.3,2.8,0.26,7.0
Батат с нутом и шпинатом,Чеснок,4,149,6.4,0.5,33.1,2.1,0.26,6.0
Батат с нутом и шпинатом,Соль,0.7,0,0,0,0,0,0.0,0.0
Батат с нутом и шпинатом,Чёрный перец,0.2,251,10.4,3.3,64,25,0.02,0.5
Тёплый салат с лососем,Картофель,250,77,2,0.1,17,2.2,5.0,192.5
Тёплый салат с лососем,Салат,100,15,1.4,0.2,2.9,1.3,1.4,15.0
Тёплый салат с лососем,Помидоры,150,18,0.9,0.2,3.9,1.2,1.35,27.0
Тёплый салат с лососем,Лимон,30,29,1.1,0.3,9.3,2.8,0.33,8.7
Тёплый салат с лососем,Оливковое масло,14,884,0,100,0,0,0.0,123.8
Тёплый салат с лососем,Чёрный перец,0.8,251,10.4,3.3,64,25,0.08,2.0
Тёплый салат с лососем,Соль,0.8,0,0,0,0,0,0.0,0.0
Тёплый салат с лососем,Укроп,3,43,3.5,1.1,7,2.1,0.1,1.3
Тёплый салат с лососем,Лосось свежий,160,208,20,13,0,0,32.0,332.8
Тёплый салат с индейкой,Индейка,170,114,23.7,1.5,0,0,40.29,193.8
Тёплый салат с индейкой,Булгур,75,342,12,1.3,76,12.5,9.0,256.5
Тёплый салат с индейкой,Салат,100,15,1.4,0.2,2.9,1.3,1.4,15.0
Тёплый салат с индейкой,Огурцы,150,15,0.7,0.1,3.6,0.5,1.05,22.5
Тёплый салат с индейкой,Уксус бальзамический,12,88,0.5,0,17,0,0.06,10.6
Тёплый салат с индейкой,Оливковое масло,7,884,0,100,0,0,0.0,61.9
Тёплый салат с индейкой,Горчица,4,66,4.4,4,5.8,3.3,0.18,2.6
Тёплый салат с индейкой,Соль,0.8,0,0,0,0,0,0.0,0.0
Тёплый салат с индейкой,Чёрный перец,0.3,251,10.4,3.3,64,25,0.03,0.8
Тёплый салат с индейкой,Чеснок,3,149,6.4,0.5,33.1,2.1,0.19,4.5
Тёплый салат с индейкой,Греческий йогурт 2%,35,73,9,2,4,0,3.15,25.6
Тёплый салат с индейкой,Лимон,8,29,1.1,0.3,9.3,2.8,0.09,2.3
Тёплый салат с индейкой,Укроп,3,43,3.5,1.1,7,2.1,0.1,1.3
Боул с креветками и киноа,Креветки сырые,180,85,20.1,0.5,0.2,0,36.18,153.0
Боул с креветками и киноа,Киноа,70,368,14,6,64,7,9.8,257.6
Боул с креветками и киноа,Авокадо,70,160,2,15,8.5,6.7,1.4,112.0
Боул с креветками и киноа,Помидоры,150,18,0.9,0.2,3.9,1.2,1.35,27.0
Боул с креветками и киноа,Лимон,30,29,1.1,0.3,9.3,2.8,0.33,8.7
Боул с креветками и киноа,Оливковое масло,14,884,0,100,0,0,0.0,123.8
Боул с креветками и киноа,Чёрный перец,0.8,251,10.4,3.3,64,25,0.08,2.0
Боул с креветками и киноа,Соль,0.8,0,0,0,0,0,0.0,0.0
Чечевичный боул с овощами,Чечевица готовая,100,116,9.0,0.4,20.1,7.9,9.0,116.0
Чечевичный боул с овощами,Булгур,75,342,12,1.3,76,12.5,9.0,256.5
Чечевичный боул с овощами,Брокколи,180,34,2.8,0.4,7,2.6,5.04,61.2
Чечевичный боул с овощами,Перец,150,31,1,0.3,6,2.1,1.5,46.5
Чечевичный боул с овощами,Тахини,33,595,17,54,21,9.3,5.61,196.3
Чечевичный боул с овощами,Лимон,24,29,1.1,0.3,9.3,2.8,0.26,7.0
Чечевичный боул с овощами,Чеснок,4,149,6.4,0.5,33.1,2.1,0.26,6.0
Чечевичный боул с овощами,Соль,0.7,0,0,0,0,0,0.0,0.0
Чечевичный боул с овощами,Чёрный перец,0.2,251,10.4,3.3,64,25,0.02,0.5
"Боул с фасолью, киноа и авокадо",Фасоль готовая,150,127,8.7,0.5,22.8,6.4,13.05,190.5
"Боул с фасолью, киноа и авокадо",Киноа,65,368,14,6,64,7,9.1,239.2
"Боул с фасолью, киноа и авокадо",Перец,120,31,1,0.3,6,2.1,1.2,37.2
"Боул с фасолью, киноа и авокадо",Авокадо,70,160,2,15,8.5,6.7,1.4,112.0
"Боул с фасолью, киноа и авокадо",Тахини,33,595,17,54,21,9.3,5.61,196.3
"Боул с фасолью, киноа и авокадо",Лимон,24,29,1.1,0.3,9.3,2.8,0.26,7.0
"Боул с фасолью, киноа и авокадо",Чеснок,4,149,6.4,0.5,33.1,2.1,0.26,6.0
"Боул с фасолью, киноа и авокадо",Соль,0.7,0,0,0,0,0,0.0,0.0
"Боул с фасолью, киноа и авокадо",Чёрный перец,0.2,251,10.4,3.3,64,25,0.02,0.5
Творог с малиной,Творог 5%,120,121,17,5,3,0,20.4,145.2
Творог с малиной,Малина,60,52,1.2,0.7,12,6.5,0.72,31.2
Творог с голубикой,Творог 5%,120,121,17,5,3,0,20.4,145.2
Творог с голубикой,Голубика,60,57,0.7,0.3,14,2.4,0.42,34.2
Творог с ягодами и орехами,Творог 5%,180,121,17,5,3,0,30.6,217.8
Творог с ягодами и орехами,Черника,60,57,0.7,0.3,14,2.4,0.42,34.2
Творог с ягодами и орехами,Малина,60,52,1.2,0.7,12,6.5,0.72,31.2
Творог с ягодами и орехами,Миндаль,15,579,21,50,22,12.5,3.15,86.8
Йогурт с клубникой,Греческий йогурт 2%,120,73,9,2,4,0,10.8,87.6
Йогурт с клубникой,Клубника,72,32,0.7,0.3,7.7,2,0.5,23.0
Йогурт с черникой и чиа,Греческий йогурт 2%,120,73,9,2,4,0,10.8,87.6
Йогурт с черникой и чиа,Черника,60,57,0.7,0.3,14,2.4,0.42,34.2
Йогурт с черникой и чиа,Семена чиа,10,486,17,31,42,34,1.7,48.6
Кефир с голубикой,"Кефир 2,5%",150,53,3,2.5,4,0,4.5,79.5
Кефир с голубикой,Голубика,60,57,0.7,0.3,14,2.4,0.42,34.2
Кефир с голубикой,Фисташки,12,562,20,45,28,10,2.4,67.4
Яблоко с миндалём,Яблоко,150,52,0.3,0.2,14,2.4,0.45,78.0
Яблоко с миндалём,Миндаль,18,579,21,50,22,12.5,3.78,104.2
Груша с миндалём,Груша,96,57,0.4,0.1,15,3.1,0.38,54.7
Груша с миндалём,Миндаль,12,579,21,50,22,12.5,2.52,69.5
Банан с греческим йогуртом,Банан,110,89,1.1,0.3,23,2.6,1.21,97.9
Банан с греческим йогуртом,Греческий йогурт 2%,120,73,9,2,4,0,10.8,87.6
Киви с йогуртом,Киви,78,61,1.1,0.5,15,3,0.86,47.6
Киви с йогуртом,Греческий йогурт 2%,120,73,9,2,4,0,10.8,87.6
Тост с творогом и перцем,Хлеб цельнозерновой,70,252,12.45,3.5,42.71,6,8.71,176.4
Тост с творогом и перцем,Творог 5%,120,121,17,5,3,0,20.4,145.2
Тост с творогом и перцем,Перец,90,31,1,0.3,6,2.1,0.9,27.9
Тост с творогом и перцем,Помидоры,100,18,0.9,0.2,3.9,1.2,0.9,18.0
Тост с творогом и перцем,Соль,0.6,0,0,0,0,0,0.0,0.0
Тост с творогом и перцем,Чёрный перец,0.2,251,10.4,3.3,64,25,0.02,0.5
Тост с творогом и перцем,Укроп,2,43,3.5,1.1,7,2.1,0.07,0.9
Персик с йогуртом и миндалём,Персик,90,39,0.9,0.3,10,1.5,0.81,35.1
Персик с йогуртом и миндалём,Греческий йогурт 2%,120,73,9,2,4,0,10.8,87.6
Персик с йогуртом и миндалём,Миндаль,12,579,21,50,22,12.5,2.52,69.5
Ягодный микс с йогуртом,Клубника,72,32,0.7,0.3,7.7,2,0.5,23.0
Ягодный микс с йогуртом,Малина,60,52,1.2,0.7,12,6.5,0.72,31.2
Ягодный микс с йогуртом,Черника,60,57,0.7,0.3,14,2.4,0.42,34.2
Ягодный микс с йогуртом,Греческий йогурт 2%,120,73,9,2,4,0,10.8,87.6
Ежевика с творогом,Ежевика,60,43,1.4,0.5,10,5.3,0.84,25.8
Ежевика с творогом,Творог 5%,120,121,17,5,3,0,20.4,145.2
Ежевика с творогом,Мёд,10,304,0.3,0,82,0.2,0.03,30.4
Смородина с йогуртом,Чёрная смородина,60,63,1.4,0.4,15,6.8,0.84,37.8
Смородина с йогуртом,Греческий йогурт 2%,120,73,9,2,4,0,10.8,87.6
Смородина с йогуртом,Мёд,10,304,0.3,0,82,0.2,0.03,30.4
Хумус с огурцом и перцем,Хумус,36,166,8,10,14,6,2.88,59.8
Хумус с огурцом и перцем,Огурцы,90,15,0.7,0.1,3.6,0.5,0.63,13.5
Хумус с огурцом и перцем,Перец,90,31,1,0.3,6,2.1,0.9,27.9
Хумус с морковью и огурцом,Хумус,36,166,8,10,14,6,2.88,59.8
Хумус с морковью и огурцом,Морковь,72,41,0.9,0.2,10,2.8,0.65,29.5
Хумус с морковью и огурцом,Огурцы,90,15,0.7,0.1,3.6,0.5,0.63,13.5
Тост с хумусом и помидором,Хлеб цельнозерновой,36,252,12.45,3.5,42.71,6,4.48,90.7
Тост с хумусом и помидором,Хумус,36,166,8,10,14,6,2.88,59.8
Тост с хумусом и помидором,Помидоры,90,18,0.9,0.2,3.9,1.2,0.81,16.2
"Тост с рикоттой, помидорами и базиликом",Хлеб цельнозерновой,70,252,12.45,3.5,42.71,6,8.71,176.4
"Тост с рикоттой, помидорами и базиликом",Рикотта,110,174,11,13,3,0,12.1,191.4
"Тост с рикоттой, помидорами и базиликом",Помидоры,120,18,0.9,0.2,3.9,1.2,1.08,21.6
"Тост с рикоттой, помидорами и базиликом",Базилик,4,23,3.2,0.6,2.7,1.6,0.13,0.9
"Тост с рикоттой, помидорами и базиликом",Чёрный перец,0.2,251,10.4,3.3,64,25,0.02,0.5
Тост с тунцом в собственном соку и огурцом,Хлеб цельнозерновой,36,252,12.45,3.5,42.71,6,4.48,90.7
Тост с тунцом в собственном соку и огурцом,Огурцы,90,15,0.7,0.1,3.6,0.5,0.63,13.5
Тост с тунцом в собственном соку и огурцом,Тунец консервированный в собственном соку,96,116,25.5,0.8,0,0,24.48,111.4
Яйцо с помидорами и огурцом,Яйца,60,143,12.6,9.5,0.7,0,7.56,85.8
Яйцо с помидорами и огурцом,Помидоры,100,18,0.9,0.2,3.9,1.2,0.9,18.0
Яйцо с помидорами и огурцом,Огурцы,100,15,0.7,0.1,3.6,0.5,0.7,15.0
Яйцо с помидорами и огурцом,Соль,0.3,0,0,0,0,0,0.0,0.0
Яйцо с помидорами и огурцом,Чёрный перец,0.1,251,10.4,3.3,64,25,0.01,0.3
Мини-омлет со шпинатом,Яйца,60,143,12.6,9.5,0.7,0,7.56,85.8
Мини-омлет со шпинатом,Шпинат,60,23,2.9,0.4,3.6,2.2,1.74,13.8
Мини-омлет со шпинатом,Моцарелла,48,254,24.3,15.9,2.8,0,11.66,121.9
Смузи клубника-банан,Клубника,72,32,0.7,0.3,7.7,2,0.5,23.0
Смузи клубника-банан,Банан,72,89,1.1,0.3,23,2.6,0.79,64.1
Смузи клубника-банан,"Кефир 2,5%",150,53,3,2.5,4,0,4.5,79.5
Смузи черника-йогурт,Черника,60,57,0.7,0.3,14,2.4,0.42,34.2
Смузи черника-йогурт,Греческий йогурт 2%,120,73,9,2,4,0,10.8,87.6
Смузи черника-йогурт,Банан,72,89,1.1,0.3,23,2.6,0.79,64.1
Смузи киви-манго,Киви,78,61,1.1,0.5,15,3,0.86,47.6
Смузи киви-манго,Манго,84,60,0.8,0.4,15,1.6,0.67,50.4
Смузи киви-манго,"Кефир 2,5%",150,53,3,2.5,4,0,4.5,79.5
Ореховый перекус с яблоком,Яблоко,90,52,0.3,0.2,14,2.4,0.27,46.8
Ореховый перекус с яблоком,Грецкие орехи,12,654,15,65,14,6.7,1.8,78.5
Фисташки с мандарином,Фисташки,12,562,20,45,28,10,2.4,67.4
Фисташки с мандарином,Мандарин,84,53,0.8,0.3,13,1.8,0.67,44.5
Фета с помидорами и огурцом,Фета,42,265,14.2,21.5,3.9,0,5.96,111.3
Фета с помидорами и огурцом,Помидоры,90,18,0.9,0.2,3.9,1.2,0.81,16.2
Фета с помидорами и огурцом,Огурцы,90,15,0.7,0.1,3.6,0.5,0.63,13.5
Мини-тост с авокадо и помидором,Авокадо,42,160,2,15,8.5,6.7,0.84,67.2
Мини-тост с авокадо и помидором,Хлеб цельнозерновой,36,252,12.45,3.5,42.71,6,4.48,90.7
Мини-тост с авокадо и помидором,Помидоры,90,18,0.9,0.2,3.9,1.2,0.81,16.2
Чиа-йогурт с клюквой,Семена чиа,10,486,17,31,42,34,1.7,48.6
Чиа-йогурт с клюквой,Греческий йогурт 2%,120,73,9,2,4,0,10.8,87.6
Чиа-йогурт с клюквой,Клюква,48,46,0.4,0.1,12,4.6,0.19,22.1
Курица с овощами на сковороде,Курица,153,120,22.5,2.6,0,0,34.42,183.6
Курица с овощами на сковороде,Кабачок,162,17,1.2,0.3,3.1,1,1.94,27.5
Курица с овощами на сковороде,Перец,135,31,1,0.3,6,2.1,1.35,41.9
Курица с овощами на сковороде,Брокколи,162,34,2.8,0.4,7,2.6,4.54,55.1
Курица с овощами на сковороде,Горчица,10,66,4.4,4,5.8,3.3,0.44,6.6
Курица с овощами на сковороде,Мёд,8,304,0.3,0,82,0.2,0.02,24.3
Курица с овощами на сковороде,Лимон,8,29,1.1,0.3,9.3,2.8,0.09,2.3
Курица с овощами на сковороде,Оливковое масло,5,884,0,100,0,0,0.0,44.2
Курица с овощами на сковороде,Соль,0.8,0,0,0,0,0,0.0,0.0
Курица с овощами на сковороде,Чёрный перец,0.3,251,10.4,3.3,64,25,0.03,0.8
Курица с овощами на сковороде,Чеснок,3,149,6.4,0.5,33.1,2.1,0.19,4.5
Курица с овощами на сковороде,Соевый соус,12,53,8.1,0.6,4.9,0.8,0.97,6.4
Курица с овощами на сковороде,Имбирь,3,80,1.8,0.8,17.8,2,0.05,2.4
Курица с цветной капустой,Курица,153,120,22.5,2.6,0,0,34.42,183.6
Курица с цветной капустой,Цветная капуста,162,25,1.9,0.3,5,2,3.08,40.5
Курица с цветной капустой,Шпинат,90,23,2.9,0.4,3.6,2.2,2.61,20.7
Курица с цветной капустой,Оливковое масло,19,884,0,100,0,0,0.0,168.0
Курица с цветной капустой,Горчица,17,66,4.4,4,5.8,3.3,0.75,11.2
Курица с цветной капустой,Мёд,14,304,0.3,0,82,0.2,0.04,42.6
Курица с цветной капустой,Лимон,8,29,1.1,0.3,9.3,2.8,0.09,2.3
Курица с цветной капустой,Соль,0.8,0,0,0,0,0,0.0,0.0
Курица с цветной капустой,Чёрный перец,0.3,251,10.4,3.3,64,25,0.03,0.8
Курица с цветной капустой,Чеснок,3,149,6.4,0.5,33.1,2.1,0.19,4.5
Индейка с брокколи,Индейка,153,114,23.7,1.5,0,0,36.26,174.4
Индейка с брокколи,Брокколи,162,34,2.8,0.4,7,2.6,4.54,55.1
Индейка с брокколи,Кабачок,162,17,1.2,0.3,3.1,1,1.94,27.5
Индейка с брокколи,Оливковое масло,15,884,0,100,0,0,0.0,132.6
Индейка с брокколи,Горчица,10,66,4.4,4,5.8,3.3,0.44,6.6
Индейка с брокколи,Мёд,8,304,0.3,0,82,0.2,0.02,24.3
Индейка с брокколи,Лимон,8,29,1.1,0.3,9.3,2.8,0.09,2.3
Индейка с брокколи,Соль,0.8,0,0,0,0,0,0.0,0.0
Индейка с брокколи,Чёрный перец,0.3,251,10.4,3.3,64,25,0.03,0.8
Индейка с брокколи,Чеснок,3,149,6.4,0.5,33.1,2.1,0.19,4.5
Индейка с брокколи,Соевый соус,12,53,8.1,0.6,4.9,0.8,0.97,6.4
Индейка с брокколи,Имбирь,3,80,1.8,0.8,17.8,2,0.05,2.4
Индейка с бататом,Индейка,153,114,23.7,1.5,0,0,36.26,174.4
Индейка с бататом,Батат,198,86,1.6,0.1,20,3,3.17,170.3
Индейка с бататом,Салат,90,15,1.4,0.2,2.9,1.3,1.26,13.5
Индейка с бататом,Уксус бальзамический,22,88,0.5,0,17,0,0.11,19.4
Индейка с бататом,Оливковое масло,12,884,0,100,0,0,0.0,106.1
Индейка с бататом,Горчица,8,66,4.4,4,5.8,3.3,0.35,5.3
Индейка с бататом,Соль,0.8,0,0,0,0,0,0.0,0.0
Индейка с бататом,Чёрный перец,0.3,251,10.4,3.3,64,25,0.03,0.8
Индейка с бататом,Чеснок,3,149,6.4,0.5,33.1,2.1,0.19,4.5
Говядина с овощами,Говядина,144,176,21.4,10.0,0,0,30.82,253.4
Говядина с овощами,Брокколи,162,34,2.8,0.4,7,2.6,4.54,55.1
Говядина с овощами,Перец,135,31,1,0.3,6,2.1,1.35,41.9
Говядина с овощами,Кабачок,162,17,1.2,0.3,3.1,1,1.94,27.5
Говядина с овощами,Горчица,16,66,4.4,4,5.8,3.3,0.7,10.6
Говядина с овощами,Мёд,8,304,0.3,0,82,0.2,0.02,24.3
Говядина с овощами,Лимон,8,29,1.1,0.3,9.3,2.8,0.09,2.3
Говядина с овощами,Оливковое масло,5,884,0,100,0,0,0.0,44.2
Говядина с овощами,Соль,0.9,0,0,0,0,0,0.0,0.0
Говядина с овощами,Чёрный перец,0.4,251,10.4,3.3,64,25,0.04,1.0
Говядина с овощами,Чеснок,3,149,6.4,0.5,33.1,2.1,0.19,4.5
Говядина с овощами,Соевый соус,12,53,8.1,0.6,4.9,0.8,0.97,6.4
Говядина с овощами,Имбирь,3,80,1.8,0.8,17.8,2,0.05,2.4
Свинина с капустой,Свинина постная,144,143,21.4,5.7,0,0,30.82,205.9
Свинина с капустой,Капуста,135,25,1.3,0.1,5.8,2.5,1.75,33.8
Свинина с капустой,Морковь,108,41,0.9,0.2,10,2.8,0.97,44.3
Свинина с капустой,Оливковое масло,19,884,0,100,0,0,0.0,168.0
Свинина с капустой,Горчица,16,66,4.4,4,5.8,3.3,0.7,10.6
Свинина с капустой,Мёд,8,304,0.3,0,82,0.2,0.02,24.3
Свинина с капустой,Лимон,8,29,1.1,0.3,9.3,2.8,0.09,2.3
Свинина с капустой,Соль,0.9,0,0,0,0,0,0.0,0.0
Свинина с капустой,Чёрный перец,0.4,251,10.4,3.3,64,25,0.04,1.0
Свинина с капустой,Чеснок,3,149,6.4,0.5,33.1,2.1,0.19,4.5
Свинина с капустой,Уксус винный,8,19,0,0,0.3,0,0.0,1.5
Форель с брокколи и картофелем,Форель,160,148,20.5,6.5,0,0,32.8,236.8
Форель с брокколи и картофелем,Брокколи,170,34,2.8,0.4,7,2.6,4.76,57.8
Форель с брокколи и картофелем,Картофель,220,77,2,0.1,17,2.2,4.4,169.4
Форель с брокколи и картофелем,Лимон,15,29,1.1,0.3,9.3,2.8,0.17,4.3
Форель с брокколи и картофелем,Оливковое масло,5,884,0,100,0,0,0.0,44.2
Форель с брокколи и картофелем,Укроп,3,43,3.5,1.1,7,2.1,0.1,1.3
Форель с брокколи и картофелем,Соль,0.7,0,0,0,0,0,0.0,0.0
Форель с брокколи и картофелем,Чёрный перец,0.2,251,10.4,3.3,64,25,0.02,0.5
Лосось с бататом,Батат,198,86,1.6,0.1,20,3,3.17,170.3
Лосось с бататом,Шпинат,90,23,2.9,0.4,3.6,2.2,2.61,20.7
Лосось с бататом,Лимон,30,29,1.1,0.3,9.3,2.8,0.33,8.7
Лосось с бататом,Оливковое масло,14,884,0,100,0,0,0.0,123.8
Лосось с бататом,Чёрный перец,0.8,251,10.4,3.3,64,25,0.08,2.0
Лосось с бататом,Соль,0.8,0,0,0,0,0,0.0,0.0
Лосось с бататом,Лосось свежий,144,208,20,13,0,0,28.8,299.5
Форель с овощами,Форель,144,148,20.5,6.5,0,0,29.52,213.1
Форель с овощами,Кабачок,162,17,1.2,0.3,3.1,1,1.94,27.5
Форель с овощами,Помидоры,135,18,0.9,0.2,3.9,1.2,1.22,24.3
Форель с овощами,Салат,90,15,1.4,0.2,2.9,1.3,1.26,13.5
Форель с овощами,Лимон,30,29,1.1,0.3,9.3,2.8,0.33,8.7
Форель с овощами,Оливковое масло,14,884,0,100,0,0,0.0,123.8
Форель с овощами,Чёрный перец,0.8,251,10.4,3.3,64,25,0.08,2.0
Форель с овощами,Соль,0.8,0,0,0,0,0,0.0,0.0
Треска с брокколи,Треска,171,82,18,0.7,0,0,30.78,140.2
Треска с брокколи,Брокколи,162,34,2.8,0.4,7,2.6,4.54,55.1
Треска с брокколи,Картофель,225,77,2,0.1,17,2.2,4.5,173.2
Треска с брокколи,Лимон,30,29,1.1,0.3,9.3,2.8,0.33,8.7
Треска с брокколи,Оливковое масло,14,884,0,100,0,0,0.0,123.8
Треска с брокколи,Чёрный перец,0.8,251,10.4,3.3,64,25,0.08,2.0
Треска с брокколи,Соль,0.8,0,0,0,0,0,0.0,0.0
Треска с брокколи,Укроп,3,43,3.5,1.1,7,2.1,0.1,1.3
Треска с цветной капустой,Треска,171,82,18,0.7,0,0,30.78,140.2
Треска с цветной капустой,Цветная капуста,162,25,1.9,0.3,5,2,3.08,40.5
Треска с цветной капустой,Шпинат,90,23,2.9,0.4,3.6,2.2,2.61,20.7
Треска с цветной капустой,Лимон,30,29,1.1,0.3,9.3,2.8,0.33,8.7
Треска с цветной капустой,Оливковое масло,14,884,0,100,0,0,0.0,123.8
Треска с цветной капустой,Чёрный перец,0.8,251,10.4,3.3,64,25,0.08,2.0
Треска с цветной капустой,Соль,0.8,0,0,0,0,0,0.0,0.0
Салат с тунцом в собственном соку и авокадо,Салат,90,15,1.4,0.2,2.9,1.3,1.26,13.5
Салат с тунцом в собственном соку и авокадо,Огурцы,135,15,0.7,0.1,3.6,0.5,0.94,20.2
Салат с тунцом в собственном соку и авокадо,Помидоры,135,18,0.9,0.2,3.9,1.2,1.22,24.3
Салат с тунцом в собственном соку и авокадо,Авокадо,63,160,2,15,8.5,6.7,1.26,100.8
Салат с тунцом в собственном соку и авокадо,Тунец консервированный в собственном соку,144,116,25.5,0.8,0,0,36.72,167.0
Салат с тунцом в собственном соку и авокадо,Лимон,25,29,1.1,0.3,9.3,2.8,0.28,7.2
Салат с тунцом в собственном соку и авокадо,Оливковое масло,13,884,0,100,0,0,0.0,114.9
Салат с тунцом в собственном соку и авокадо,Чёрный перец,0.8,251,10.4,3.3,64,25,0.08,2.0
Салат с тунцом в собственном соку и авокадо,Горчица,6,66,4.4,4,5.8,3.3,0.26,4.0
Креветки с кабачком,Креветки сырые,162,85,20.1,0.5,0.2,0,32.56,137.7
Креветки с кабачком,Кабачок,162,17,1.2,0.3,3.1,1,1.94,27.5
Креветки с кабачком,Перец,135,31,1,0.3,6,2.1,1.35,41.9
Креветки с кабачком,Шпинат,90,23,2.9,0.4,3.6,2.2,2.61,20.7
Креветки с кабачком,Лимон,30,29,1.1,0.3,9.3,2.8,0.33,8.7
Креветки с кабачком,Оливковое масло,14,884,0,100,0,0,0.0,123.8
Креветки с кабачком,Чёрный перец,0.8,251,10.4,3.3,64,25,0.08,2.0
Креветки с кабачком,Соль,0.8,0,0,0,0,0,0.0,0.0
Креветки с брокколи,Креветки сырые,162,85,20.1,0.5,0.2,0,32.56,137.7
Креветки с брокколи,Брокколи,162,34,2.8,0.4,7,2.6,4.54,55.1
Креветки с брокколи,Помидоры,135,18,0.9,0.2,3.9,1.2,1.22,24.3
Креветки с брокколи,Оливковое масло,24,884,0,100,0,0,0.0,212.2
Креветки с брокколи,Лимон,30,29,1.1,0.3,9.3,2.8,0.33,8.7
Креветки с брокколи,Чёрный перец,0.8,251,10.4,3.3,64,25,0.08,2.0
Креветки с брокколи,Соль,0.8,0,0,0,0,0,0.0,0.0
Скумбрия с салатом,Скумбрия,135,205,19,14,0,0,25.65,276.8
Скумбрия с салатом,Салат,90,15,1.4,0.2,2.9,1.3,1.26,13.5
Скумбрия с салатом,Огурцы,135,15,0.7,0.1,3.6,0.5,0.94,20.2
Скумбрия с салатом,Помидоры,135,18,0.9,0.2,3.9,1.2,1.22,24.3
Скумбрия с салатом,Лимон,30,29,1.1,0.3,9.3,2.8,0.33,8.7
Скумбрия с салатом,Оливковое масло,14,884,0,100,0,0,0.0,123.8
Скумбрия с салатом,Чёрный перец,0.8,251,10.4,3.3,64,25,0.08,2.0
Скумбрия с салатом,Соль,0.8,0,0,0,0,0,0.0,0.0
Омлет с овощами,Яйца,120,143,12.6,9.5,0.7,0,15.12,171.6
Омлет с овощами,Шпинат,90,23,2.9,0.4,3.6,2.2,2.61,20.7
Омлет с овощами,Помидоры,135,18,0.9,0.2,3.9,1.2,1.22,24.3
Омлет с овощами,Перец,135,31,1,0.3,6,2.1,1.35,41.9
Омлет с овощами,Соль,0.7,0,0,0,0,0,0.0,0.0
Омлет с овощами,Чёрный перец,0.2,251,10.4,3.3,64,25,0.02,0.5
Омлет с фетой и шпинатом,Яйца,120,143,12.6,9.5,0.7,0,15.12,171.6
Омлет с фетой и шпинатом,Фета,40,265,14.2,21.5,3.9,0,5.68,106.0
Омлет с фетой и шпинатом,Шпинат,80,23,2.9,0.4,3.6,2.2,2.32,18.4
Омлет с фетой и шпинатом,Оливковое масло,4,884,0,100,0,0,0.0,35.4
Омлет с фетой и шпинатом,Соль,0.7,0,0,0,0,0,0.0,0.0
Омлет с фетой и шпинатом,Чёрный перец,0.2,251,10.4,3.3,64,25,0.02,0.5
Тофу с брокколи,Тофу,162,144,17,9,3,2,27.54,233.3
Тофу с брокколи,Брокколи,162,34,2.8,0.4,7,2.6,4.54,55.1
Тофу с брокколи,Перец,135,31,1,0.3,6,2.1,1.35,41.9
Тофу с брокколи,Оливковое масло,10,884,0,100,0,0,0.0,88.4
Тофу с брокколи,Соевый соус,30,53,8.1,0.6,4.9,0.8,2.43,15.9
Тофу с брокколи,Имбирь,8,80,1.8,0.8,17.8,2,0.14,6.4
Тофу с брокколи,Чеснок,6,149,6.4,0.5,33.1,2.1,0.38,8.9
Тофу с баклажаном,Тофу,162,144,17,9,3,2,27.54,233.3
Тофу с баклажаном,Баклажан,162,25,1,0.2,6,3,1.62,40.5
Тофу с баклажаном,Помидоры,135,18,0.9,0.2,3.9,1.2,1.22,24.3
Тофу с баклажаном,Шпинат,90,23,2.9,0.4,3.6,2.2,2.61,20.7
Тофу с баклажаном,Соевый соус,30,53,8.1,0.6,4.9,0.8,2.43,15.9
Тофу с баклажаном,Имбирь,8,80,1.8,0.8,17.8,2,0.14,6.4
Тофу с баклажаном,Чеснок,6,149,6.4,0.5,33.1,2.1,0.38,8.9
Тофу с баклажаном,Лайм,10,30,0.7,0.2,10.5,2.8,0.07,3.0
Чечевица с овощами,Чечевица готовая,90,116,9.0,0.4,20.1,7.9,8.1,104.4
Чечевица с овощами,Помидоры,135,18,0.9,0.2,3.9,1.2,1.22,24.3
Чечевица с овощами,Морковь,108,41,0.9,0.2,10,2.8,0.97,44.3
Чечевица с овощами,Шпинат,90,23,2.9,0.4,3.6,2.2,2.61,20.7
Чечевица с овощами,Тахини,33,595,17,54,21,9.3,5.61,196.3
Чечевица с овощами,Лимон,24,29,1.1,0.3,9.3,2.8,0.26,7.0
Чечевица с овощами,Чеснок,4,149,6.4,0.5,33.1,2.1,0.26,6.0
Чечевица с овощами,Соль,0.7,0,0,0,0,0,0.0,0.0
Чечевица с овощами,Чёрный перец,0.2,251,10.4,3.3,64,25,0.02,0.5
Нут с брокколи,Нут готовый,117,164,8.9,2.6,27.4,7.6,10.41,191.9
Нут с брокколи,Брокколи,162,34,2.8,0.4,7,2.6,4.54,55.1
Нут с брокколи,Помидоры,135,18,0.9,0.2,3.9,1.2,1.22,24.3
Нут с брокколи,Греческий йогурт 2%,180,73,9,2,4,0,16.2,131.4
Нут с брокколи,Тахини,33,595,17,54,21,9.3,5.61,196.3
Нут с брокколи,Лимон,24,29,1.1,0.3,9.3,2.8,0.26,7.0
Нут с брокколи,Чеснок,4,149,6.4,0.5,33.1,2.1,0.26,6.0
Нут с брокколи,Соль,0.7,0,0,0,0,0,0.0,0.0
Нут с брокколи,Чёрный перец,0.2,251,10.4,3.3,64,25,0.02,0.5
Фасоль с овощами,Фасоль готовая,117,127,8.7,0.5,22.8,6.4,10.18,148.6
Фасоль с овощами,Перец,135,31,1,0.3,6,2.1,1.35,41.9
Фасоль с овощами,Помидоры,135,18,0.9,0.2,3.9,1.2,1.22,24.3
Фасоль с овощами,Авокадо,63,160,2,15,8.5,6.7,1.26,100.8
Фасоль с овощами,Тахини,33,595,17,54,21,9.3,5.61,196.3
Фасоль с овощами,Лимон,24,29,1.1,0.3,9.3,2.8,0.26,7.0
Фасоль с овощами,Чеснок,4,149,6.4,0.5,33.1,2.1,0.26,6.0
Фасоль с овощами,Соль,0.7,0,0,0,0,0,0.0,0.0
Фасоль с овощами,Чёрный перец,0.2,251,10.4,3.3,64,25,0.02,0.5
Тёплый салат с курицей,Курица,153,120,22.5,2.6,0,0,34.42,183.6
Тёплый салат с курицей,Салат,90,15,1.4,0.2,2.9,1.3,1.26,13.5
Тёплый салат с курицей,Помидоры,135,18,0.9,0.2,3.9,1.2,1.22,24.3
Тёплый салат с курицей,Огурцы,135,15,0.7,0.1,3.6,0.5,0.94,20.2
Тёплый салат с курицей,Авокадо,63,160,2,15,8.5,6.7,1.26,100.8
Тёплый салат с курицей,Уксус бальзамический,22,88,0.5,0,17,0,0.11,19.4
Тёплый салат с курицей,Оливковое масло,12,884,0,100,0,0,0.0,106.1
Тёплый салат с курицей,Горчица,8,66,4.4,4,5.8,3.3,0.35,5.3
Тёплый салат с курицей,Соль,0.8,0,0,0,0,0,0.0,0.0
Тёплый салат с курицей,Чёрный перец,0.3,251,10.4,3.3,64,25,0.03,0.8
Тёплый салат с курицей,Чеснок,3,149,6.4,0.5,33.1,2.1,0.19,4.5
Тёплый салат с индейкой и свёклой,Индейка,153,114,23.7,1.5,0,0,36.26,174.4
Тёплый салат с индейкой и свёклой,Салат,90,15,1.4,0.2,2.9,1.3,1.26,13.5
Тёплый салат с индейкой и свёклой,Свёкла,135,43,1.6,0.2,10,2.8,2.16,58.0
Тёплый салат с индейкой и свёклой,Огурцы,135,15,0.7,0.1,3.6,0.5,0.94,20.2
Тёплый салат с индейкой и свёклой,Уксус бальзамический,22,88,0.5,0,17,0,0.11,19.4
Тёплый салат с индейкой и свёклой,Оливковое масло,12,884,0,100,0,0,0.0,106.1
Тёплый салат с индейкой и свёклой,Горчица,8,66,4.4,4,5.8,3.3,0.35,5.3
Тёплый салат с индейкой и свёклой,Соль,0.8,0,0,0,0,0,0.0,0.0
Тёплый салат с индейкой и свёклой,Чёрный перец,0.3,251,10.4,3.3,64,25,0.03,0.8
Тёплый салат с индейкой и свёклой,Чеснок,3,149,6.4,0.5,33.1,2.1,0.19,4.5
Тёплый салат с форелью,Форель,144,148,20.5,6.5,0,0,29.52,213.1
Тёплый салат с форелью,Салат,90,15,1.4,0.2,2.9,1.3,1.26,13.5
Тёплый салат с форелью,Помидоры,135,18,0.9,0.2,3.9,1.2,1.22,24.3
Тёплый салат с форелью,Авокадо,63,160,2,15,8.5,6.7,1.26,100.8
Тёплый салат с форелью,Лимон,30,29,1.1,0.3,9.3,2.8,0.33,8.7
Тёплый салат с форелью,Оливковое масло,14,884,0,100,0,0,0.0,123.8
Тёплый салат с форелью,Чёрный перец,0.8,251,10.4,3.3,64,25,0.08,2.0
Тёплый салат с форелью,Соль,0.8,0,0,0,0,0,0.0,0.0
Запечённый картофель с творогом и зеленью,Картофель,280,77,2,0.1,17,2.2,5.6,215.6
Запечённый картофель с творогом и зеленью,Творог 5%,130,121,17,5,3,0,22.1,157.3
Запечённый картофель с творогом и зеленью,Огурцы,100,15,0.7,0.1,3.6,0.5,0.7,15.0
Запечённый картофель с творогом и зеленью,Салат,50,15,1.4,0.2,2.9,1.3,0.7,7.5
Запечённый картофель с творогом и зеленью,Уксус бальзамический,22,88,0.5,0,17,0,0.11,19.4
Запечённый картофель с творогом и зеленью,Оливковое масло,13,884,0,100,0,0,0.0,114.9
Запечённый картофель с творогом и зеленью,Горчица,8,66,4.4,4,5.8,3.3,0.35,5.3
Запечённый картофель с творогом и зеленью,Соль,0.7,0,0,0,0,0,0.0,0.0
Запечённый картофель с творогом и зеленью,Чёрный перец,0.2,251,10.4,3.3,64,25,0.02,0.5
"Батат с чечевицей, фетой и шпинатом",Батат,240,86,1.6,0.1,20,3,3.84,206.4
"Батат с чечевицей, фетой и шпинатом",Чечевица готовая,150,116,9.0,0.4,20.1,7.9,13.5,174.0
"Батат с чечевицей, фетой и шпинатом",Фета,40,265,14.2,21.5,3.9,0,5.68,106.0
"Батат с чечевицей, фетой и шпинатом",Шпинат,80,23,2.9,0.4,3.6,2.2,2.32,18.4
"Батат с чечевицей, фетой и шпинатом",Лимон,10,29,1.1,0.3,9.3,2.8,0.11,2.9
"Батат с чечевицей, фетой и шпинатом",Оливковое масло,5,884,0,100,0,0,0.0,44.2
Запечённая цветная капуста с нутом,Цветная капуста,162,25,1.9,0.3,5,2,3.08,40.5
Запечённая цветная капуста с нутом,Нут готовый,117,164,8.9,2.6,27.4,7.6,10.41,191.9
Запечённая цветная капуста с нутом,Греческий йогурт 2%,180,73,9,2,4,0,16.2,131.4
Запечённая цветная капуста с нутом,Тахини,33,595,17,54,21,9.3,5.61,196.3
Запечённая цветная капуста с нутом,Лимон,24,29,1.1,0.3,9.3,2.8,0.26,7.0
Запечённая цветная капуста с нутом,Чеснок,4,149,6.4,0.5,33.1,2.1,0.26,6.0
Запечённая цветная капуста с нутом,Соль,0.7,0,0,0,0,0,0.0,0.0
Запечённая цветная капуста с нутом,Чёрный перец,0.2,251,10.4,3.3,64,25,0.02,0.5
Баклажан с индейкой,Баклажан,162,25,1,0.2,6,3,1.62,40.5
Баклажан с индейкой,Индейка,153,114,23.7,1.5,0,0,36.26,174.4
Баклажан с индейкой,Помидоры,135,18,0.9,0.2,3.9,1.2,1.22,24.3
Баклажан с индейкой,Моцарелла,72,254,24.3,15.9,2.8,0,17.5,182.9
Баклажан с индейкой,Горчица,17,66,4.4,4,5.8,3.3,0.75,11.2
Баклажан с индейкой,Мёд,14,304,0.3,0,82,0.2,0.04,42.6
Баклажан с индейкой,Лимон,8,29,1.1,0.3,9.3,2.8,0.09,2.3
Баклажан с индейкой,Оливковое масло,9,884,0,100,0,0,0.0,79.6
Баклажан с индейкой,Соль,0.8,0,0,0,0,0,0.0,0.0
Баклажан с индейкой,Чёрный перец,0.3,251,10.4,3.3,64,25,0.03,0.8
Баклажан с индейкой,Чеснок,3,149,6.4,0.5,33.1,2.1,0.19,4.5
Кабачок с курицей и сыром,Кабачок,162,17,1.2,0.3,3.1,1,1.94,27.5
Кабачок с курицей и сыром,Курица,153,120,22.5,2.6,0,0,34.42,183.6
Кабачок с курицей и сыром,Грюйер,32,413,30,32,0.4,0,9.6,132.2
Кабачок с курицей и сыром,Помидоры,135,18,0.9,0.2,3.9,1.2,1.22,24.3
Кабачок с курицей и сыром,Горчица,17,66,4.4,4,5.8,3.3,0.75,11.2
Кабачок с курицей и сыром,Мёд,14,304,0.3,0,82,0.2,0.04,42.6
Кабачок с курицей и сыром,Лимон,8,29,1.1,0.3,9.3,2.8,0.09,2.3
Кабачок с курицей и сыром,Оливковое масло,9,884,0,100,0,0,0.0,79.6
Кабачок с курицей и сыром,Соль,0.8,0,0,0,0,0,0.0,0.0
Кабачок с курицей и сыром,Чёрный перец,0.3,251,10.4,3.3,64,25,0.03,0.8
Кабачок с курицей и сыром,Чеснок,3,149,6.4,0.5,33.1,2.1,0.19,4.5
Тыква с чечевицей,Тыква,162,26,1,0.1,6.5,0.5,1.62,42.1
Тыква с чечевицей,Чечевица готовая,90,116,9.0,0.4,20.1,7.9,8.1,104.4
Тыква с чечевицей,Шпинат,90,23,2.9,0.4,3.6,2.2,2.61,20.7
Тыква с чечевицей,Тахини,33,595,17,54,21,9.3,5.61,196.3
Тыква с чечевицей,Лимон,24,29,1.1,0.3,9.3,2.8,0.26,7.0
Тыква с чечевицей,Чеснок,4,149,6.4,0.5,33.1,2.1,0.26,6.0
Тыква с чечевицей,Соль,0.7,0,0,0,0,0,0.0,0.0
Тыква с чечевицей,Чёрный перец,0.2,251,10.4,3.3,64,25,0.02,0.5
"Боул с фасолью, киноа и сладким перцем",Перец,135,31,1,0.3,6,2.1,1.35,41.9
"Боул с фасолью, киноа и сладким перцем",Фасоль готовая,117,127,8.7,0.5,22.8,6.4,10.18,148.6
"Боул с фасолью, киноа и сладким перцем",Киноа,63,368,14,6,64,7,8.82,231.8
"Боул с фасолью, киноа и сладким перцем",Помидоры,135,18,0.9,0.2,3.9,1.2,1.22,24.3
"Боул с фасолью, киноа и сладким перцем",Тахини,33,595,17,54,21,9.3,5.61,196.3
"Боул с фасолью, киноа и сладким перцем",Лимон,24,29,1.1,0.3,9.3,2.8,0.26,7.0
"Боул с фасолью, киноа и сладким перцем",Чеснок,4,149,6.4,0.5,33.1,2.1,0.26,6.0
"Боул с фасолью, киноа и сладким перцем",Соль,0.7,0,0,0,0,0,0.0,0.0
"Боул с фасолью, киноа и сладким перцем",Чёрный перец,0.2,251,10.4,3.3,64,25,0.02,0.5
Киноа с яйцом и овощами,Киноа,63,368,14,6,64,7,8.82,231.8
Киноа с яйцом и овощами,Яйца,120,143,12.6,9.5,0.7,0,15.12,171.6
Киноа с яйцом и овощами,Брокколи,162,34,2.8,0.4,7,2.6,4.54,55.1
Киноа с яйцом и овощами,Перец,135,31,1,0.3,6,2.1,1.35,41.9
Киноа с яйцом и овощами,Соль,0.7,0,0,0,0,0,0.0,0.0
Киноа с яйцом и овощами,Чёрный перец,0.2,251,10.4,3.3,64,25,0.02,0.5
Киноа с яйцом и овощами,Лимон,12,29,1.1,0.3,9.3,2.8,0.13,3.5
Киноа с яйцом и овощами,Оливковое масло,6,884,0,100,0,0,0.0,53.0
Киноа с яйцом и овощами,Петрушка,3,36,3,0.8,6.3,3.3,0.09,1.1
Гречка с тофу и шпинатом,Гречка,68,343,13,3.4,72,10,8.84,233.2
Гречка с тофу и шпинатом,Тофу,162,144,17,9,3,2,27.54,233.3
Гречка с тофу и шпинатом,Шпинат,90,23,2.9,0.4,3.6,2.2,2.61,20.7
Гречка с тофу и шпинатом,Помидоры,135,18,0.9,0.2,3.9,1.2,1.22,24.3
Гречка с тофу и шпинатом,Соевый соус,30,53,8.1,0.6,4.9,0.8,2.43,15.9
Гречка с тофу и шпинатом,Имбирь,8,80,1.8,0.8,17.8,2,0.14,6.4
Гречка с тофу и шпинатом,Чеснок,6,149,6.4,0.5,33.1,2.1,0.38,8.9
Гречка с тофу и шпинатом,Лайм,10,30,0.7,0.2,10.5,2.8,0.07,3.0
Булгур с креветками,Булгур,68,342,12,1.3,76,12.5,8.16,232.6
Булгур с креветками,Креветки сырые,162,85,20.1,0.5,0.2,0,32.56,137.7
Булгур с креветками,Кабачок,162,17,1.2,0.3,3.1,1,1.94,27.5
Булгур с креветками,Помидоры,135,18,0.9,0.2,3.9,1.2,1.22,24.3
Булгур с креветками,Лимон,30,29,1.1,0.3,9.3,2.8,0.33,8.7
Булгур с креветками,Оливковое масло,14,884,0,100,0,0,0.0,123.8
Булгур с креветками,Чёрный перец,0.8,251,10.4,3.3,64,25,0.08,2.0
Булгур с креветками,Соль,0.8,0,0,0,0,0,0.0,0.0
Булгур с креветками,Укроп,3,43,3.5,1.1,7,2.1,0.1,1.3
Кускус с тунцом в собственном соку и овощами,Кускус,68,376,12.8,0.6,77,5,8.7,255.7
Кускус с тунцом в собственном соку и овощами,Огурцы,135,15,0.7,0.1,3.6,0.5,0.94,20.2
Кускус с тунцом в собственном соку и овощами,Помидоры,135,18,0.9,0.2,3.9,1.2,1.22,24.3
Кускус с тунцом в собственном соку и овощами,Тунец консервированный в собственном соку,144,116,25.5,0.8,0,0,36.72,167.0
Кускус с тунцом в собственном соку и овощами,Лимон,25,29,1.1,0.3,9.3,2.8,0.28,7.2
Кускус с тунцом в собственном соку и овощами,Оливковое масло,13,884,0,100,0,0,0.0,114.9
Кускус с тунцом в собственном соку и овощами,Чёрный перец,0.8,251,10.4,3.3,64,25,0.08,2.0
Паста с тунцом и шпинатом,Макароны цельнозерновые,72,348,14,2.5,64,8,10.08,250.6
Паста с тунцом и шпинатом,Шпинат,90,23,2.9,0.4,3.6,2.2,2.61,20.7
Паста с тунцом и шпинатом,Помидоры,135,18,0.9,0.2,3.9,1.2,1.22,24.3
Паста с тунцом и шпинатом,Тунец консервированный в собственном соку,144,116,25.5,0.8,0,0,36.72,167.0
Паста с тунцом и шпинатом,Лимон,15,29,1.1,0.3,9.3,2.8,0.17,4.3
Паста с тунцом и шпинатом,Оливковое масло,13,884,0,100,0,0,0.0,114.9
Паста с тунцом и шпинатом,Чёрный перец,0.8,251,10.4,3.3,64,25,0.08,2.0
Паста с тунцом и шпинатом,Томатная паста,35,82,4.3,0.5,18.9,4.1,1.5,28.7
Паста с тунцом и шпинатом,Чеснок,3,149,6.4,0.5,33.1,2.1,0.19,4.5
Паста с тунцом и шпинатом,Базилик,4,23,3.2,0.6,2.7,1.6,0.13,0.9
Паста с тунцом и шпинатом,Соль,0.8,0,0,0,0,0,0.0,0.0
Паста с тофу и овощами,Макароны цельнозерновые,72,348,14,2.5,64,8,10.08,250.6
Паста с тофу и овощами,Тофу,162,144,17,9,3,2,27.54,233.3
Паста с тофу и овощами,Кабачок,162,17,1.2,0.3,3.1,1,1.94,27.5
Паста с тофу и овощами,Перец,135,31,1,0.3,6,2.1,1.35,41.9
Паста с тофу и овощами,Соевый соус,15,53,8.1,0.6,4.9,0.8,1.22,8.0
Паста с тофу и овощами,Имбирь,4,80,1.8,0.8,17.8,2,0.07,3.2
Паста с тофу и овощами,Чеснок,6,149,6.4,0.5,33.1,2.1,0.38,8.9
Паста с тофу и овощами,Томатная паста,35,82,4.3,0.5,18.9,4.1,1.5,28.7
Паста с тофу и овощами,Базилик,4,23,3.2,0.6,2.7,1.6,0.13,0.9
Паста с тофу и овощами,Оливковое масло,5,884,0,100,0,0,0.0,44.2
Паста с тофу и овощами,Соль,0.8,0,0,0,0,0,0.0,0.0
Паста с тофу и овощами,Чёрный перец,0.3,251,10.4,3.3,64,25,0.03,0.8
Рис с яйцом и овощами,Рис бурый,68,370,7.9,2.9,77,3.5,5.37,251.6
Рис с яйцом и овощами,Яйца,120,143,12.6,9.5,0.7,0,15.12,171.6
Рис с яйцом и овощами,Морковь,108,41,0.9,0.2,10,2.8,0.97,44.3
Рис с яйцом и овощами,Зелёная фасоль,144,31,1.8,0.2,7,3.4,2.59,44.6
Рис с яйцом и овощами,Соль,0.7,0,0,0,0,0,0.0,0.0
Рис с яйцом и овощами,Чёрный перец,0.2,251,10.4,3.3,64,25,0.02,0.5
Мультиварочный нут с овощами,Нут готовый,117,164,8.9,2.6,27.4,7.6,10.41,191.9
Мультиварочный нут с овощами,Кабачок,162,17,1.2,0.3,3.1,1,1.94,27.5
Мультиварочный нут с овощами,Морковь,108,41,0.9,0.2,10,2.8,0.97,44.3
Мультиварочный нут с овощами,Помидоры,135,18,0.9,0.2,3.9,1.2,1.22,24.3
Мультиварочный нут с овощами,Тахини,33,595,17,54,21,9.3,5.61,196.3
Мультиварочный нут с овощами,Лимон,24,29,1.1,0.3,9.3,2.8,0.26,7.0
Мультиварочный нут с овощами,Чеснок,4,149,6.4,0.5,33.1,2.1,0.26,6.0
Мультиварочный нут с овощами,Соль,0.7,0,0,0,0,0,0.0,0.0
Мультиварочный нут с овощами,Чёрный перец,0.2,251,10.4,3.3,64,25,0.02,0.5
Овсянка с клубникой и йогуртом,Овсянка,54,370,13,7,62,10,7.02,199.8
Овсянка с клубникой и йогуртом,Греческий йогурт 2%,180,73,9,2,4,0,16.2,131.4
Овсянка с клубникой и йогуртом,Семена чиа,14,486,17,31,42,34,2.38,68.0
Овсянка с клубникой и йогуртом,Соль,0.5,0,0,0,0,0,0.0,0.0
Овсянка с клубникой и йогуртом,Клубника,90.0,32,0.7,0.3,7.7,2,0.63,28.8
Овсянка с вишней и миндалём,Овсянка,54,370,13,7,62,10,7.02,199.8
Овсянка с вишней и миндалём,Миндаль,18,579,21,50,22,12.5,3.78,104.2
Овсянка с вишней и миндалём,"Молоко 3,2%",180,60,3.2,3.2,4.7,0,5.76,108.0
Овсянка с вишней и миндалём,Соль,0.5,0,0,0,0,0,0.0,0.0
Овсянка с вишней и миндалём,Вишня,90.0,50,1,0.3,12,1.6,0.9,45.0
Овсянка с грушейм и льном,Овсянка,54,370,13,7,62,10,7.02,199.8
Овсянка с грушейм и льном,Семена льна,14,534,18,42,29,27,2.52,74.8
Овсянка с грушейм и льном,"Молоко 3,2%",180,60,3.2,3.2,4.7,0,5.76,108.0
Овсянка с грушейм и льном,Соль,0.5,0,0,0,0,0,0.0,0.0
Овсянка с грушейм и льном,Груша,135.0,57,0.4,0.1,15,3.1,0.54,77.0
Гречневая каша с грушейм,Гречка,68,343,13,3.4,72,10,8.84,233.2
Гречневая каша с грушейм,"Молоко 3,2%",180,60,3.2,3.2,4.7,0,5.76,108.0
Гречневая каша с грушейм,Семена чиа,14,486,17,31,42,34,2.38,68.0
Гречневая каша с грушейм,Груша,135.0,57,0.4,0.1,15,3.1,0.54,77.0
Йогурт-боул с вишней и чиа,Греческий йогурт 2%,180,73,9,2,4,0,16.2,131.4
Йогурт-боул с вишней и чиа,Семена чиа,14,486,17,31,42,34,2.38,68.0
Йогурт-боул с вишней и чиа,Банан,108,89,1.1,0.3,23,2.6,1.19,96.1
Йогурт-боул с вишней и чиа,Вишня,90.0,50,1,0.3,12,1.6,0.9,45.0
Творог с клубникой и бананом,Творог 5%,180,121,17,5,3,0,30.6,217.8
Творог с клубникой и бананом,Банан,108,89,1.1,0.3,23,2.6,1.19,96.1
Творог с клубникой и бананом,Семена чиа,14,486,17,31,42,34,2.38,68.0
Творог с клубникой и бананом,Клубника,90.0,32,0.7,0.3,7.7,2,0.63,28.8
Омлет с брокколи и помидорами,Яйца,120,143,12.6,9.5,0.7,0,15.12,171.6
Омлет с брокколи и помидорами,Помидоры,135,18,0.9,0.2,3.9,1.2,1.22,24.3
Омлет с брокколи и помидорами,Чеддер,36,403,25,33,1.3,0,9.0,145.1
Омлет с брокколи и помидорами,Соль,1,0,0,0,0,0,0.0,0.0
Омлет с брокколи и помидорами,Чёрный перец,0.3,251,10.4,3.3,64,25,0.03,0.8
Омлет с брокколи и помидорами,Оливковое масло,4,884,0,100,0,0,0.0,35.4
Омлет с брокколи и помидорами,Базилик,2,23,3.2,0.6,2.7,1.6,0.06,0.5
Омлет с брокколи и помидорами,Брокколи,90.0,34,2.8,0.4,7,2.6,2.52,30.6
Омлет с зелёной фасолью и сыром,Яйца,120,143,12.6,9.5,0.7,0,15.12,171.6
Омлет с зелёной фасолью и сыром,Гауда,36,356,25,27,2.2,0,9.0,128.2
Омлет с зелёной фасолью и сыром,Соль,1,0,0,0,0,0,0.0,0.0
Омлет с зелёной фасолью и сыром,Чёрный перец,0.3,251,10.4,3.3,64,25,0.03,0.8
Омлет с зелёной фасолью и сыром,Зелёная фасоль,162.0,31,1.8,0.2,7,3.4,2.92,50.2
Омлет с курицей и перцем,Яйца,120,143,12.6,9.5,0.7,0,15.12,171.6
Омлет с курицей и перцем,Перец,135,31,1,0.3,6,2.1,1.35,41.9
Омлет с курицей и перцем,Соль,0.8,0,0,0,0,0,0.0,0.0
Омлет с курицей и перцем,Чёрный перец,0.3,251,10.4,3.3,64,25,0.03,0.8
Омлет с курицей и перцем,Оливковое масло,4,884,0,100,0,0,0.0,35.4
Омлет с курицей и перцем,Чеснок,3,149,6.4,0.5,33.1,2.1,0.19,4.5
Омлет с курицей и перцем,Соевый соус,12,53,8.1,0.6,4.9,0.8,0.97,6.4
Омлет с курицей и перцем,Имбирь,3,80,1.8,0.8,17.8,2,0.05,2.4
Омлет с курицей и перцем,Курица,153.0,120,22.5,2.6,0,0,34.42,183.6
Скрэмбл с треской и шпинатом,Яйца,120,143,12.6,9.5,0.7,0,15.12,171.6
Скрэмбл с треской и шпинатом,Шпинат,90,23,2.9,0.4,3.6,2.2,2.61,20.7
Скрэмбл с треской и шпинатом,Соль,0.8,0,0,0,0,0,0.0,0.0
Скрэмбл с треской и шпинатом,Чёрный перец,0.3,251,10.4,3.3,64,25,0.03,0.8
Скрэмбл с треской и шпинатом,Оливковое масло,6,884,0,100,0,0,0.0,53.0
Скрэмбл с треской и шпинатом,Лимон,15,29,1.1,0.3,9.3,2.8,0.17,4.3
Скрэмбл с треской и шпинатом,Треска,144.0,82,18,0.7,0,0,25.92,118.1
Французский тост с творогом и вишней,Хлеб цельнозерновой,80,252,12.45,3.5,42.71,6,9.96,201.6
Французский тост с творогом и вишней,Яйца,60,143,12.6,9.5,0.7,0,7.56,85.8
Французский тост с творогом и вишней,Творог 5%,100,121,17,5,3,0,17.0,121.0
Французский тост с творогом и вишней,Мёд,10,304,0.3,0,82,0.2,0.03,30.4
Французский тост с творогом и вишней,Соль,1,0,0,0,0,0,0.0,0.0
Французский тост с творогом и вишней,Чёрный перец,0.3,251,10.4,3.3,64,25,0.03,0.8
Французский тост с творогом и вишней,Вишня,80.0,50,1,0.3,12,1.6,0.8,40.0
Фриттата с брокколи и творогом,Яйца,120,143,12.6,9.5,0.7,0,15.12,171.6
Фриттата с брокколи и творогом,Творог 5%,100,121,17,5,3,0,17.0,121.0
Фриттата с брокколи и творогом,Соль,1,0,0,0,0,0,0.0,0.0
Фриттата с брокколи и творогом,Чёрный перец,0.3,251,10.4,3.3,64,25,0.03,0.8
Фриттата с брокколи и творогом,Оливковое масло,4,884,0,100,0,0,0.0,35.4
Фриттата с брокколи и творогом,Брокколи,80.0,34,2.8,0.4,7,2.6,2.24,27.2
Каша из булгура с вишней,"Молоко 3,2%",180,60,3.2,3.2,4.7,0,5.76,108.0
Каша из булгура с вишней,Вишня,108,50,1,0.3,12,1.6,1.08,54.0
Каша из булгура с вишней,Миндаль,18,579,21,50,22,12.5,3.78,104.2
Каша из булгура с вишней,Булгур,64.6,342,12,1.3,76,12.5,7.75,220.9
Смузи с бананом и клубникой,Банан,108,89,1.1,0.3,23,2.6,1.19,96.1
Смузи с бананом и клубникой,Греческий йогурт 2%,180,73,9,2,4,0,16.2,131.4
Смузи с бананом и клубникой,Овсянка,54,370,13,7,62,10,7.02,199.8
Смузи с бананом и клубникой,Соль,0.5,0,0,0,0,0,0.0,0.0
Смузи с бананом и клубникой,Клубника,90.0,32,0.7,0.3,7.7,2,0.63,28.8
Чиа-пудинг с вишней,Семена чиа,14,486,17,31,42,34,2.38,68.0
Чиа-пудинг с вишней,"Молоко 3,2%",180,60,3.2,3.2,4.7,0,5.76,108.0
Чиа-пудинг с вишней,Греческий йогурт 2%,180,73,9,2,4,0,16.2,131.4
Чиа-пудинг с вишней,Вишня,90.0,50,1,0.3,12,1.6,0.9,45.0
Чиа-пудинг с клубникой,Семена чиа,14,486,17,31,42,34,2.38,68.0
Чиа-пудинг с клубникой,"Молоко 3,2%",180,60,3.2,3.2,4.7,0,5.76,108.0
Чиа-пудинг с клубникой,Банан,108,89,1.1,0.3,23,2.6,1.19,96.1
Чиа-пудинг с клубникой,Клубника,90.0,32,0.7,0.3,7.7,2,0.63,28.8
Горячий сэндвич с курицей,Хлеб цельнозерновой,54,252,12.45,3.5,42.71,6,6.72,136.1
Горячий сэндвич с курицей,Фета,63,265,14.2,21.5,3.9,0,8.95,166.9
Горячий сэндвич с курицей,Помидоры,135,18,0.9,0.2,3.9,1.2,1.22,24.3
Горячий сэндвич с курицей,Чёрный перец,0.3,251,10.4,3.3,64,25,0.03,0.8
Горячий сэндвич с курицей,Соль,0.8,0,0,0,0,0,0.0,0.0
Горячий сэндвич с курицей,Чеснок,3,149,6.4,0.5,33.1,2.1,0.19,4.5
Горячий сэндвич с курицей,Горчица,7,66,4.4,4,5.8,3.3,0.31,4.6
Горячий сэндвич с курицей,Мёд,6,304,0.3,0,82,0.2,0.02,18.2
Горячий сэндвич с курицей,Оливковое масло,4,884,0,100,0,0,0.0,35.4
Горячий сэндвич с курицей,Курица,153.0,120,22.5,2.6,0,0,34.42,183.6
Бататомный завтрак с яйцом,Яйца,120,143,12.6,9.5,0.7,0,15.12,171.6
Бататомный завтрак с яйцом,Шпинат,90,23,2.9,0.4,3.6,2.2,2.61,20.7
Бататомный завтрак с яйцом,Помидоры,135,18,0.9,0.2,3.9,1.2,1.22,24.3
Бататомный завтрак с яйцом,Соль,1,0,0,0,0,0,0.0,0.0
Бататомный завтрак с яйцом,Чёрный перец,0.3,251,10.4,3.3,64,25,0.03,0.8
Бататомный завтрак с яйцом,Оливковое масло,4,884,0,100,0,0,0.0,35.4
Бататомный завтрак с яйцом,Базилик,2,23,3.2,0.6,2.7,1.6,0.06,0.5
Бататомный завтрак с яйцом,Батат,225.0,86,1.6,0.1,20,3,3.6,193.5
Индейка с рисом и брокколи,Рис,75,360,7,1,79,1.3,5.25,270.0
Индейка с рисом и брокколи,Брокколи,180,34,2.8,0.4,7,2.6,5.04,61.2
Индейка с рисом и брокколи,Оливковое масло,15,884,0,100,0,0,0.0,132.6
Индейка с рисом и брокколи,Горчица,10,66,4.4,4,5.8,3.3,0.44,6.6
Индейка с рисом и брокколи,Мёд,8,304,0.3,0,82,0.2,0.02,24.3
Индейка с рисом и брокколи,Лимон,8,29,1.1,0.3,9.3,2.8,0.09,2.3
Индейка с рисом и брокколи,Соль,0.8,0,0,0,0,0,0.0,0.0
Индейка с рисом и брокколи,Чёрный перец,0.3,251,10.4,3.3,64,25,0.03,0.8
Индейка с рисом и брокколи,Чеснок,3,149,6.4,0.5,33.1,2.1,0.19,4.5
Индейка с рисом и брокколи,Соевый соус,12,53,8.1,0.6,4.9,0.8,0.97,6.4
Индейка с рисом и брокколи,Имбирь,3,80,1.8,0.8,17.8,2,0.05,2.4
Индейка с рисом и брокколи,Индейка,170.0,114,23.7,1.5,0,0,40.29,193.8
Тофу с гречкой и кабачком,Гречка,75,343,13,3.4,72,10,9.75,257.2
Тофу с гречкой и кабачком,Кабачок,180,17,1.2,0.3,3.1,1,2.16,30.6
Тофу с гречкой и кабачком,Помидоры,150,18,0.9,0.2,3.9,1.2,1.35,27.0
Тофу с гречкой и кабачком,Горчица,10,66,4.4,4,5.8,3.3,0.44,6.6
Тофу с гречкой и кабачком,Мёд,8,304,0.3,0,82,0.2,0.02,24.3
Тофу с гречкой и кабачком,Лимон,16,29,1.1,0.3,9.3,2.8,0.18,4.6
Тофу с гречкой и кабачком,Оливковое масло,5,884,0,100,0,0,0.0,44.2
Тофу с гречкой и кабачком,Соль,0.8,0,0,0,0,0,0.0,0.0
Тофу с гречкой и кабачком,Чёрный перец,0.3,251,10.4,3.3,64,25,0.03,0.8
Тофу с гречкой и кабачком,Чеснок,3,149,6.4,0.5,33.1,2.1,0.19,4.5
Тофу с гречкой и кабачком,Греческий йогурт 2%,35,73,9,2,4,0,3.15,25.6
Тофу с гречкой и кабачком,Укроп,3,43,3.5,1.1,7,2.1,0.1,1.3
Тофу с гречкой и кабачком,Тофу,195.5,144,17,9,3,2,33.23,281.5
Курица с кускусом и перцем,Курица,170,120,22.5,2.6,0,0,38.25,204.0
Курица с кускусом и перцем,Перец,150,31,1,0.3,6,2.1,1.5,46.5
Курица с кускусом и перцем,Шпинат,100,23,2.9,0.4,3.6,2.2,2.9,23.0
Курица с кускусом и перцем,Греческий йогурт 2%,45,73,9,2,4,0,4.05,32.9
Курица с кускусом и перцем,Чеснок,6,149,6.4,0.5,33.1,2.1,0.38,8.9
Курица с кускусом и перцем,Лимон,8,29,1.1,0.3,9.3,2.8,0.09,2.3
Курица с кускусом и перцем,Укроп,3,43,3.5,1.1,7,2.1,0.1,1.3
Курица с кускусом и перцем,Соль,0.8,0,0,0,0,0,0.0,0.0
Курица с кускусом и перцем,Чёрный перец,0.3,251,10.4,3.3,64,25,0.03,0.8
Курица с кускусом и перцем,Соевый соус,12,53,8.1,0.6,4.9,0.8,0.97,6.4
Курица с кускусом и перцем,Имбирь,3,80,1.8,0.8,17.8,2,0.05,2.4
Курица с кускусом и перцем,Кускус,75.0,376,12.8,0.6,77,5,9.6,282.0
Тофу с киноа и авокадо,Киноа,70,368,14,6,64,7,9.8,257.6
Тофу с киноа и авокадо,Авокадо,70,160,2,15,8.5,6.7,1.4,112.0
Тофу с киноа и авокадо,Огурцы,150,15,0.7,0.1,3.6,0.5,1.05,22.5
Тофу с киноа и авокадо,Горчица,17,66,4.4,4,5.8,3.3,0.75,11.2
Тофу с киноа и авокадо,Мёд,14,304,0.3,0,82,0.2,0.04,42.6
Тофу с киноа и авокадо,Лимон,8,29,1.1,0.3,9.3,2.8,0.09,2.3
Тофу с киноа и авокадо,Оливковое масло,9,884,0,100,0,0,0.0,79.6
Тофу с киноа и авокадо,Соль,0.8,0,0,0,0,0,0.0,0.0
Тофу с киноа и авокадо,Чёрный перец,0.3,251,10.4,3.3,64,25,0.03,0.8
Тофу с киноа и авокадо,Чеснок,3,149,6.4,0.5,33.1,2.1,0.19,4.5
Тофу с киноа и авокадо,Тофу,195.5,144,17,9,3,2,33.23,281.5
Курица с гречкой и овощами,Гречка,75,343,13,3.4,72,10,9.75,257.2
Курица с гречкой и овощами,Перец,150,31,1,0.3,6,2.1,1.5,46.5
Курица с гречкой и овощами,Огурцы,150,15,0.7,0.1,3.6,0.5,1.05,22.5
Курица с гречкой и овощами,Горчица,10,66,4.4,4,5.8,3.3,0.44,6.6
Курица с гречкой и овощами,Мёд,8,304,0.3,0,82,0.2,0.02,24.3
Курица с гречкой и овощами,Лимон,8,29,1.1,0.3,9.3,2.8,0.09,2.3
Курица с гречкой и овощами,Оливковое масло,5,884,0,100,0,0,0.0,44.2
Курица с гречкой и овощами,Соль,0.8,0,0,0,0,0,0.0,0.0
Курица с гречкой и овощами,Чёрный перец,0.3,251,10.4,3.3,64,25,0.03,0.8
Курица с гречкой и овощами,Чеснок,3,149,6.4,0.5,33.1,2.1,0.19,4.5
Курица с гречкой и овощами,Соевый соус,12,53,8.1,0.6,4.9,0.8,0.97,6.4
Курица с гречкой и овощами,Имбирь,3,80,1.8,0.8,17.8,2,0.05,2.4
Курица с гречкой и овощами,Курица,170.0,120,22.5,2.6,0,0,38.25,204.0
Курица с бурым рисом,Рис бурый,75,370,7.9,2.9,77,3.5,5.92,277.5
Курица с бурым рисом,Брокколи,180,34,2.8,0.4,7,2.6,5.04,61.2
Курица с бурым рисом,Оливковое масло,15,884,0,100,0,0,0.0,132.6
Курица с бурым рисом,Горчица,10,66,4.4,4,5.8,3.3,0.44,6.6
Курица с бурым рисом,Мёд,8,304,0.3,0,82,0.2,0.02,24.3
Курица с бурым рисом,Лимон,8,29,1.1,0.3,9.3,2.8,0.09,2.3
Курица с бурым рисом,Соль,0.8,0,0,0,0,0,0.0,0.0
Курица с бурым рисом,Чёрный перец,0.3,251,10.4,3.3,64,25,0.03,0.8
Курица с бурым рисом,Чеснок,3,149,6.4,0.5,33.1,2.1,0.19,4.5
Курица с бурым рисом,Соевый соус,12,53,8.1,0.6,4.9,0.8,0.97,6.4
Курица с бурым рисом,Имбирь,3,80,1.8,0.8,17.8,2,0.05,2.4
Курица с бурым рисом,Курица,170.0,120,22.5,2.6,0,0,38.25,204.0
Курица с кускусом,Кускус,75,376,12.8,0.6,77,5,9.6,282.0
Курица с кускусом,Кабачок,180,17,1.2,0.3,3.1,1,2.16,30.6
Курица с кускусом,Помидоры,150,18,0.9,0.2,3.9,1.2,1.35,27.0
Курица с кускусом,Греческий йогурт 2%,80,73,9,2,4,0,7.2,58.4
Курица с кускусом,Чеснок,6,149,6.4,0.5,33.1,2.1,0.38,8.9
Курица с кускусом,Лимон,16,29,1.1,0.3,9.3,2.8,0.18,4.6
Курица с кускусом,Укроп,6,43,3.5,1.1,7,2.1,0.21,2.6
Курица с кускусом,Соль,0.8,0,0,0,0,0,0.0,0.0
Курица с кускусом,Чёрный перец,0.3,251,10.4,3.3,64,25,0.03,0.8
Курица с кускусом,Курица,170.0,120,22.5,2.6,0,0,38.25,204.0
Говядина с кускусом,Говядина,160,176,21.4,10.0,0,0,34.24,281.6
Говядина с кускусом,Перец,150,31,1,0.3,6,2.1,1.5,46.5
Говядина с кускусом,Шпинат,100,23,2.9,0.4,3.6,2.2,2.9,23.0
Говядина с кускусом,Горчица,16,66,4.4,4,5.8,3.3,0.7,10.6
Говядина с кускусом,Мёд,8,304,0.3,0,82,0.2,0.02,24.3
Говядина с кускусом,Лимон,8,29,1.1,0.3,9.3,2.8,0.09,2.3
Говядина с кускусом,Оливковое масло,5,884,0,100,0,0,0.0,44.2
Говядина с кускусом,Соль,0.9,0,0,0,0,0,0.0,0.0
Говядина с кускусом,Чёрный перец,0.4,251,10.4,3.3,64,25,0.04,1.0
Говядина с кускусом,Чеснок,3,149,6.4,0.5,33.1,2.1,0.19,4.5
Говядина с кускусом,Соевый соус,12,53,8.1,0.6,4.9,0.8,0.97,6.4
Говядина с кускусом,Имбирь,3,80,1.8,0.8,17.8,2,0.05,2.4
Говядина с кускусом,Кускус,75.0,376,12.8,0.6,77,5,9.6,282.0
Индейка с гречкой и свёклой,Гречка,75,343,13,3.4,72,10,9.75,257.2
Индейка с гречкой и свёклой,Свёкла,150,43,1.6,0.2,10,2.8,2.4,64.5
Индейка с гречкой и свёклой,Огурцы,150,15,0.7,0.1,3.6,0.5,1.05,22.5
Индейка с гречкой и свёклой,Уксус бальзамический,12,88,0.5,0,17,0,0.06,10.6
Индейка с гречкой и свёклой,Оливковое масло,11,884,0,100,0,0,0.0,97.2
Индейка с гречкой и свёклой,Горчица,10,66,4.4,4,5.8,3.3,0.44,6.6
Индейка с гречкой и свёклой,Соль,0.9,0,0,0,0,0,0.0,0.0
Индейка с гречкой и свёклой,Чёрный перец,0.4,251,10.4,3.3,64,25,0.04,1.0
Индейка с гречкой и свёклой,Чеснок,3,149,6.4,0.5,33.1,2.1,0.19,4.5
Индейка с гречкой и свёклой,Уксус винный,8,19,0,0,0.3,0,0.0,1.5
Индейка с гречкой и свёклой,Индейка,160.0,114,23.7,1.5,0,0,37.92,182.4
Свинина с бататом и капустой,Свинина постная,160,143,21.4,5.7,0,0,34.24,228.8
Свинина с бататом и капустой,Капуста,150,25,1.3,0.1,5.8,2.5,1.95,37.5
Свинина с бататом и капустой,Оливковое масло,19,884,0,100,0,0,0.0,168.0
Свинина с бататом и капустой,Горчица,16,66,4.4,4,5.8,3.3,0.7,10.6
Свинина с бататом и капустой,Мёд,8,304,0.3,0,82,0.2,0.02,24.3
Свинина с бататом и капустой,Лимон,8,29,1.1,0.3,9.3,2.8,0.09,2.3
Свинина с бататом и капустой,Соль,0.9,0,0,0,0,0,0.0,0.0
Свинина с бататом и капустой,Чёрный перец,0.4,251,10.4,3.3,64,25,0.04,1.0
Свинина с бататом и капустой,Чеснок,3,149,6.4,0.5,33.1,2.1,0.19,4.5
Свинина с бататом и капустой,Уксус винный,8,19,0,0,0.3,0,0.0,1.5
Свинина с бататом и капустой,Батат,250.0,86,1.6,0.1,20,3,4.0,215.0
Форель с киноа и авокадо,Киноа,70,368,14,6,64,7,9.8,257.6
Форель с киноа и авокадо,Авокадо,70,160,2,15,8.5,6.7,1.4,112.0
Форель с киноа и авокадо,Огурцы,150,15,0.7,0.1,3.6,0.5,1.05,22.5
Форель с киноа и авокадо,Лимон,30,29,1.1,0.3,9.3,2.8,0.33,8.7
Форель с киноа и авокадо,Оливковое масло,14,884,0,100,0,0,0.0,123.8
Форель с киноа и авокадо,Чёрный перец,0.8,251,10.4,3.3,64,25,0.08,2.0
Форель с киноа и авокадо,Соль,0.8,0,0,0,0,0,0.0,0.0
Форель с киноа и авокадо,Форель,160.0,148,20.5,6.5,0,0,32.8,236.8
Лосось с картофелем и зелёной фасолью,Картофель,250,77,2,0.1,17,2.2,5.0,192.5
Лосось с картофелем и зелёной фасолью,Оливковое масло,24,884,0,100,0,0,0.0,212.2
Лосось с картофелем и зелёной фасолью,Лимон,30,29,1.1,0.3,9.3,2.8,0.33,8.7
Лосось с картофелем и зелёной фасолью,Чёрный перец,0.8,251,10.4,3.3,64,25,0.08,2.0
Лосось с картофелем и зелёной фасолью,Соль,0.8,0,0,0,0,0,0.0,0.0
Лосось с картофелем и зелёной фасолью,Укроп,3,43,3.5,1.1,7,2.1,0.1,1.3
Лосось с картофелем и зелёной фасолью,Зелёная фасоль,180.0,31,1.8,0.2,7,3.4,3.24,55.8
Лосось с картофелем и зелёной фасолью,Лосось свежий,160,208,20,13,0,0,32.0,332.8
Форель с кускусом,Форель,160,148,20.5,6.5,0,0,32.8,236.8
Форель с кускусом,Зелёная фасоль,160,31,1.8,0.2,7,3.4,2.88,49.6
Форель с кускусом,Помидоры,150,18,0.9,0.2,3.9,1.2,1.35,27.0
Форель с кускусом,Лимон,30,29,1.1,0.3,9.3,2.8,0.33,8.7
Форель с кускусом,Оливковое масло,14,884,0,100,0,0,0.0,123.8
Форель с кускусом,Чёрный перец,0.8,251,10.4,3.3,64,25,0.08,2.0
Форель с кускусом,Соль,0.8,0,0,0,0,0,0.0,0.0
Форель с кускусом,Укроп,3,43,3.5,1.1,7,2.1,0.1,1.3
Форель с кускусом,Кускус,75.0,376,12.8,0.6,77,5,9.6,282.0
Треска с булгуромом и овощами,Треска,190,82,18,0.7,0,0,34.2,155.8
Треска с булгуромом и овощами,Кабачок,180,17,1.2,0.3,3.1,1,2.16,30.6
Треска с булгуромом и овощами,Перец,150,31,1,0.3,6,2.1,1.5,46.5
Треска с булгуромом и овощами,Лимон,30,29,1.1,0.3,9.3,2.8,0.33,8.7
Треска с булгуромом и овощами,Оливковое масло,14,884,0,100,0,0,0.0,123.8
Треска с булгуромом и овощами,Чёрный перец,0.8,251,10.4,3.3,64,25,0.08,2.0
Треска с булгуромом и овощами,Соль,0.8,0,0,0,0,0,0.0,0.0
Треска с булгуромом и овощами,Укроп,3,43,3.5,1.1,7,2.1,0.1,1.3
Треска с булгуромом и овощами,Булгур,71.2,342,12,1.3,76,12.5,8.54,243.5
Лосось с картофелем,Картофель,250,77,2,0.1,17,2.2,5.0,192.5
Лосось с картофелем,Капуста,150,25,1.3,0.1,5.8,2.5,1.95,37.5
Лосось с картофелем,Оливковое масло,24,884,0,100,0,0,0.0,212.2
Лосось с картофелем,Лимон,30,29,1.1,0.3,9.3,2.8,0.33,8.7
Лосось с картофелем,Чёрный перец,0.8,251,10.4,3.3,64,25,0.08,2.0
Лосось с картофелем,Соль,0.8,0,0,0,0,0,0.0,0.0
Лосось с картофелем,Укроп,3,43,3.5,1.1,7,2.1,0.1,1.3
Лосось с картофелем,Лосось свежий,190.0,208,20,13,0,0,38.0,395.2
Креветки с булгуромом и брокколи,Креветки сырые,180,85,20.1,0.5,0.2,0,36.18,153.0
Креветки с булгуромом и брокколи,Брокколи,180,34,2.8,0.4,7,2.6,5.04,61.2
Креветки с булгуромом и брокколи,Оливковое масло,24,884,0,100,0,0,0.0,212.2
Креветки с булгуромом и брокколи,Лимон,30,29,1.1,0.3,9.3,2.8,0.33,8.7
Креветки с булгуромом и брокколи,Чёрный перец,0.8,251,10.4,3.3,64,25,0.08,2.0
Креветки с булгуромом и брокколи,Соль,0.8,0,0,0,0,0,0.0,0.0
Креветки с булгуромом и брокколи,Укроп,3,43,3.5,1.1,7,2.1,0.1,1.3
Креветки с булгуромом и брокколи,Булгур,71.2,342,12,1.3,76,12.5,8.54,243.5
Скумбрия с бататом,Скумбрия,150,205,19,14,0,0,28.5,307.5
Скумбрия с бататом,Салат,100,15,1.4,0.2,2.9,1.3,1.4,15.0
Скумбрия с бататом,Огурцы,150,15,0.7,0.1,3.6,0.5,1.05,22.5
Скумбрия с бататом,Лимон,30,29,1.1,0.3,9.3,2.8,0.33,8.7
Скумбрия с бататом,Оливковое масло,14,884,0,100,0,0,0.0,123.8
Скумбрия с бататом,Чёрный перец,0.8,251,10.4,3.3,64,25,0.08,2.0
Скумбрия с бататом,Соль,0.8,0,0,0,0,0,0.0,0.0
Скумбрия с бататом,Укроп,3,43,3.5,1.1,7,2.1,0.1,1.3
Скумбрия с бататом,Батат,250.0,86,1.6,0.1,20,3,4.0,215.0
Чечевица с киноа и брокколи,Чечевица готовая,100,116,9.0,0.4,20.1,7.9,9.0,116.0
Чечевица с киноа и брокколи,Киноа,70,368,14,6,64,7,9.8,257.6
Чечевица с киноа и брокколи,Помидоры,150,18,0.9,0.2,3.9,1.2,1.35,27.0
Чечевица с киноа и брокколи,Тахини,33,595,17,54,21,9.3,5.61,196.3
Чечевица с киноа и брокколи,Лимон,24,29,1.1,0.3,9.3,2.8,0.26,7.0
Чечевица с киноа и брокколи,Чеснок,4,149,6.4,0.5,33.1,2.1,0.26,6.0
Чечевица с киноа и брокколи,Соль,0.7,0,0,0,0,0,0.0,0.0
Чечевица с киноа и брокколи,Чёрный перец,0.2,251,10.4,3.3,64,25,0.02,0.5
Чечевица с киноа и брокколи,Брокколи,100.0,34,2.8,0.4,7,2.6,2.8,34.0
Тофу с гречкой и зелёной фасолью,Тофу,180,144,17,9,3,2,30.6,259.2
Тофу с гречкой и зелёной фасолью,Гречка,75,343,13,3.4,72,10,9.75,257.2
Тофу с гречкой и зелёной фасолью,Перец,150,31,1,0.3,6,2.1,1.5,46.5
Тофу с гречкой и зелёной фасолью,Соевый соус,30,53,8.1,0.6,4.9,0.8,2.43,15.9
Тофу с гречкой и зелёной фасолью,Имбирь,8,80,1.8,0.8,17.8,2,0.14,6.4
Тофу с гречкой и зелёной фасолью,Чеснок,6,149,6.4,0.5,33.1,2.1,0.38,8.9
Тофу с гречкой и зелёной фасолью,Зелёная фасоль,180.0,31,1.8,0.2,7,3.4,3.24,55.8
Тофу с булгуромом и овощами,Тофу,180,144,17,9,3,2,30.6,259.2
Тофу с булгуромом и овощами,Кабачок,180,17,1.2,0.3,3.1,1,2.16,30.6
Тофу с булгуромом и овощами,Морковь,120,41,0.9,0.2,10,2.8,1.08,49.2
Тофу с булгуромом и овощами,Соевый соус,30,53,8.1,0.6,4.9,0.8,2.43,15.9
Тофу с булгуромом и овощами,Имбирь,8,80,1.8,0.8,17.8,2,0.14,6.4
Тофу с булгуромом и овощами,Чеснок,6,149,6.4,0.5,33.1,2.1,0.38,8.9
Тофу с булгуромом и овощами,Булгур,71.2,342,12,1.3,76,12.5,8.54,243.5
Паста с тофу и шпинатом,Макароны цельнозерновые,80,348,14,2.5,64,8,11.2,278.4
Паста с тофу и шпинатом,Шпинат,100,23,2.9,0.4,3.6,2.2,2.9,23.0
Паста с тофу и шпинатом,Помидоры,150,18,0.9,0.2,3.9,1.2,1.35,27.0
Паста с тофу и шпинатом,Томатная паста,65,82,4.3,0.5,18.9,4.1,2.79,53.3
Паста с тофу и шпинатом,Чеснок,6,149,6.4,0.5,33.1,2.1,0.38,8.9
Паста с тофу и шпинатом,Базилик,8,23,3.2,0.6,2.7,1.6,0.26,1.8
Паста с тофу и шпинатом,Оливковое масло,10,884,0,100,0,0,0.0,88.4
Паста с тофу и шпинатом,Соль,0.8,0,0,0,0,0,0.0,0.0
Паста с тофу и шпинатом,Чёрный перец,0.3,251,10.4,3.3,64,25,0.03,0.8
Паста с тофу и шпинатом,Тофу,195.5,144,17,9,3,2,33.23,281.5
Паста с курицей и кабачком,Макароны цельнозерновые,80,348,14,2.5,64,8,11.2,278.4
Паста с курицей и кабачком,Кабачок,180,17,1.2,0.3,3.1,1,2.16,30.6
Паста с курицей и кабачком,Помидоры,150,18,0.9,0.2,3.9,1.2,1.35,27.0
Паста с курицей и кабачком,Томатная паста,65,82,4.3,0.5,18.9,4.1,2.79,53.3
Паста с курицей и кабачком,Чеснок,6,149,6.4,0.5,33.1,2.1,0.38,8.9
Паста с курицей и кабачком,Базилик,8,23,3.2,0.6,2.7,1.6,0.26,1.8
Паста с курицей и кабачком,Оливковое масло,10,884,0,100,0,0,0.0,88.4
Паста с курицей и кабачком,Соль,0.8,0,0,0,0,0,0.0,0.0
Паста с курицей и кабачком,Чёрный перец,0.3,251,10.4,3.3,64,25,0.03,0.8
Паста с курицей и кабачком,Курица,170.0,120,22.5,2.6,0,0,38.25,204.0
Кускус с говядиной и овощами,Говядина,160,176,21.4,10.0,0,0,34.24,281.6
Кускус с говядиной и овощами,Баклажан,180,25,1,0.2,6,3,1.8,45.0
Кускус с говядиной и овощами,Перец,150,31,1,0.3,6,2.1,1.5,46.5
Кускус с говядиной и овощами,Горчица,16,66,4.4,4,5.8,3.3,0.7,10.6
Кускус с говядиной и овощами,Мёд,8,304,0.3,0,82,0.2,0.02,24.3
Кускус с говядиной и овощами,Лимон,8,29,1.1,0.3,9.3,2.8,0.09,2.3
Кускус с говядиной и овощами,Оливковое масло,5,884,0,100,0,0,0.0,44.2
Кускус с говядиной и овощами,Соль,0.9,0,0,0,0,0,0.0,0.0
Кускус с говядиной и овощами,Чёрный перец,0.4,251,10.4,3.3,64,25,0.04,1.0
Кускус с говядиной и овощами,Чеснок,3,149,6.4,0.5,33.1,2.1,0.19,4.5
Кускус с говядиной и овощами,Соевый соус,12,53,8.1,0.6,4.9,0.8,0.97,6.4
Кускус с говядиной и овощами,Имбирь,3,80,1.8,0.8,17.8,2,0.05,2.4
Кускус с говядиной и овощами,Кускус,75.0,376,12.8,0.6,77,5,9.6,282.0
Кускус с тофу и овощами,Кускус,75,376,12.8,0.6,77,5,9.6,282.0
Кускус с тофу и овощами,Огурцы,150,15,0.7,0.1,3.6,0.5,1.05,22.5
Кускус с тофу и овощами,Помидоры,150,18,0.9,0.2,3.9,1.2,1.35,27.0
Кускус с тофу и овощами,Греческий йогурт 2%,80,73,9,2,4,0,7.2,58.4
Кускус с тофу и овощами,Чеснок,6,149,6.4,0.5,33.1,2.1,0.38,8.9
Кускус с тофу и овощами,Лимон,16,29,1.1,0.3,9.3,2.8,0.18,4.6
Кускус с тофу и овощами,Укроп,6,43,3.5,1.1,7,2.1,0.21,2.6
Кускус с тофу и овощами,Соль,0.8,0,0,0,0,0,0.0,0.0
Кускус с тофу и овощами,Чёрный перец,0.3,251,10.4,3.3,64,25,0.03,0.8
Кускус с тофу и овощами,Тофу,195.5,144,17,9,3,2,33.23,281.5
Перловка с курицей и овощами,Перловка,70,352,9.9,1.2,78,15.6,6.93,246.4
Перловка с курицей и овощами,Шпинат,80,23,2.9,0.4,3.6,2.2,2.32,18.4
Перловка с курицей и овощами,Кабачок,140,17,1.2,0.3,3.1,1,1.68,23.8
Перловка с курицей и овощами,Горчица,17,66,4.4,4,5.8,3.3,0.75,11.2
Перловка с курицей и овощами,Мёд,14,304,0.3,0,82,0.2,0.04,42.6
Перловка с курицей и овощами,Лимон,8,29,1.1,0.3,9.3,2.8,0.09,2.3
Перловка с курицей и овощами,Оливковое масло,9,884,0,100,0,0,0.0,79.6
Перловка с курицей и овощами,Соль,0.8,0,0,0,0,0,0.0,0.0
Перловка с курицей и овощами,Чёрный перец,0.3,251,10.4,3.3,64,25,0.03,0.8
Перловка с курицей и овощами,Чеснок,3,149,6.4,0.5,33.1,2.1,0.19,4.5
Перловка с курицей и овощами,Курица,150.0,120,22.5,2.6,0,0,33.75,180.0
Бататомный боул с тунцом,Огурцы,150,15,0.7,0.1,3.6,0.5,1.05,22.5
Бататомный боул с тунцом,Греческий йогурт 2%,200,73,9,2,4,0,18.0,146.0
Бататомный боул с тунцом,Тунец консервированный в собственном соку,160,116,25.5,0.8,0,0,40.8,185.6
Бататомный боул с тунцом,Лимон,25,29,1.1,0.3,9.3,2.8,0.28,7.2
Бататомный боул с тунцом,Оливковое масло,13,884,0,100,0,0,0.0,114.9
Бататомный боул с тунцом,Чёрный перец,0.8,251,10.4,3.3,64,25,0.08,2.0
Бататомный боул с тунцом,Батат,250.0,86,1.6,0.1,20,3,4.0,215.0
Батат с тофу и авокадо,Батат,220,86,1.6,0.1,20,3,3.52,189.2
Батат с тофу и авокадо,Авокадо,70,160,2,15,8.5,6.7,1.4,112.0
Батат с тофу и авокадо,Салат,100,15,1.4,0.2,2.9,1.3,1.4,15.0
Батат с тофу и авокадо,Уксус бальзамический,22,88,0.5,0,17,0,0.11,19.4
Батат с тофу и авокадо,Оливковое масло,12,884,0,100,0,0,0.0,106.1
Батат с тофу и авокадо,Горчица,8,66,4.4,4,5.8,3.3,0.35,5.3
Батат с тофу и авокадо,Соль,0.8,0,0,0,0,0,0.0,0.0
Батат с тофу и авокадо,Чёрный перец,0.3,251,10.4,3.3,64,25,0.03,0.8
Батат с тофу и авокадо,Чеснок,3,149,6.4,0.5,33.1,2.1,0.19,4.5
Батат с тофу и авокадо,Тофу,195.5,144,17,9,3,2,33.23,281.5
Батат с нутом и брокколи,Батат,220,86,1.6,0.1,20,3,3.52,189.2
Батат с нутом и брокколи,Нут готовый,130,164,8.9,2.6,27.4,7.6,11.57,213.2
Батат с нутом и брокколи,Греческий йогурт 2%,200,73,9,2,4,0,18.0,146.0
Батат с нутом и брокколи,Тахини,33,595,17,54,21,9.3,5.61,196.3
Батат с нутом и брокколи,Лимон,24,29,1.1,0.3,9.3,2.8,0.26,7.0
Батат с нутом и брокколи,Чеснок,4,149,6.4,0.5,33.1,2.1,0.26,6.0
Батат с нутом и брокколи,Соль,0.7,0,0,0,0,0,0.0,0.0
Батат с нутом и брокколи,Чёрный перец,0.2,251,10.4,3.3,64,25,0.02,0.5
Батат с нутом и брокколи,Брокколи,100.0,34,2.8,0.4,7,2.6,2.8,34.0
Тёплый салат с треской,Картофель,250,77,2,0.1,17,2.2,5.0,192.5
Тёплый салат с треской,Салат,100,15,1.4,0.2,2.9,1.3,1.4,15.0
Тёплый салат с треской,Помидоры,150,18,0.9,0.2,3.9,1.2,1.35,27.0
Тёплый салат с треской,Лимон,30,29,1.1,0.3,9.3,2.8,0.33,8.7
Тёплый салат с треской,Оливковое масло,14,884,0,100,0,0,0.0,123.8
Тёплый салат с треской,Чёрный перец,0.8,251,10.4,3.3,64,25,0.08,2.0
Тёплый салат с треской,Соль,0.8,0,0,0,0,0,0.0,0.0
Тёплый салат с треской,Укроп,3,43,3.5,1.1,7,2.1,0.1,1.3
Тёплый салат с треской,Треска,160.0,82,18,0.7,0,0,28.8,131.2
Творог с вишней,Творог 5%,120,121,17,5,3,0,20.4,145.2
Творог с вишней,Вишня,60.0,50,1,0.3,12,1.6,0.6,30.0
Йогурт с клубникой и чиа,Греческий йогурт 2%,120,73,9,2,4,0,10.8,87.6
Йогурт с клубникой и чиа,Семена чиа,10,486,17,31,42,34,1.7,48.6
Йогурт с клубникой и чиа,Клубника,60.0,32,0.7,0.3,7.7,2,0.42,19.2
Груша с грецким орехом,Груша,150,57,0.4,0.1,15,3.1,0.6,85.5
Груша с грецким орехом,Грецкие орехи,18,654,15,65,14,6.7,2.7,117.7
Тост с творогом и кабачком,Хлеб цельнозерновой,70,252,12.45,3.5,42.71,6,8.71,176.4
Тост с творогом и кабачком,Творог 5%,120,121,17,5,3,0,20.4,145.2
Тост с творогом и кабачком,Помидоры,100,18,0.9,0.2,3.9,1.2,0.9,18.0
Тост с творогом и кабачком,Соль,0.6,0,0,0,0,0,0.0,0.0
Тост с творогом и кабачком,Чёрный перец,0.2,251,10.4,3.3,64,25,0.02,0.5
Тост с творогом и кабачком,Укроп,2,43,3.5,1.1,7,2.1,0.07,0.9
Тост с творогом и кабачком,Кабачок,90.0,17,1.2,0.3,3.1,1,1.08,15.3
Хумус с огурцом и кабачком,Хумус,36,166,8,10,14,6,2.88,59.8
Хумус с огурцом и кабачком,Огурцы,90,15,0.7,0.1,3.6,0.5,0.63,13.5
Хумус с огурцом и кабачком,Кабачок,90.0,17,1.2,0.3,3.1,1,1.08,15.3
Мини-омлет с брокколи,Яйца,60,143,12.6,9.5,0.7,0,7.56,85.8
Мини-омлет с брокколи,Моцарелла,48,254,24.3,15.9,2.8,0,11.66,121.9
Мини-омлет с брокколи,Брокколи,60.0,34,2.8,0.4,7,2.6,1.68,20.4
Смузи клубникой-йогурт,Греческий йогурт 2%,120,73,9,2,4,0,10.8,87.6
Смузи клубникой-йогурт,Банан,72,89,1.1,0.3,23,2.6,0.79,64.1
Смузи клубникой-йогурт,Клубника,60.0,32,0.7,0.3,7.7,2,0.42,19.2
Ореховый перекус с грушейм,Грецкие орехи,12,654,15,65,14,6.7,1.8,78.5
Ореховый перекус с грушейм,Груша,90.0,57,0.4,0.1,15,3.1,0.36,51.3
Индейка с овощами на сковороде,Кабачок,162,17,1.2,0.3,3.1,1,1.94,27.5
Индейка с овощами на сковороде,Перец,135,31,1,0.3,6,2.1,1.35,41.9
Индейка с овощами на сковороде,Брокколи,162,34,2.8,0.4,7,2.6,4.54,55.1
Индейка с овощами на сковороде,Горчица,10,66,4.4,4,5.8,3.3,0.44,6.6
Индейка с овощами на сковороде,Мёд,8,304,0.3,0,82,0.2,0.02,24.3
Индейка с овощами на сковороде,Лимон,8,29,1.1,0.3,9.3,2.8,0.09,2.3
Индейка с овощами на сковороде,Оливковое масло,5,884,0,100,0,0,0.0,44.2
Индейка с овощами на сковороде,Соль,0.8,0,0,0,0,0,0.0,0.0
Индейка с овощами на сковороде,Чёрный перец,0.3,251,10.4,3.3,64,25,0.03,0.8
Индейка с овощами на сковороде,Чеснок,3,149,6.4,0.5,33.1,2.1,0.19,4.5
Индейка с овощами на сковороде,Соевый соус,12,53,8.1,0.6,4.9,0.8,0.97,6.4
Индейка с овощами на сковороде,Имбирь,3,80,1.8,0.8,17.8,2,0.05,2.4
Индейка с овощами на сковороде,Индейка,153.0,114,23.7,1.5,0,0,36.26,174.4
Тофу с цветной капустой,Цветная капуста,162,25,1.9,0.3,5,2,3.08,40.5
Тофу с цветной капустой,Шпинат,90,23,2.9,0.4,3.6,2.2,2.61,20.7
Тофу с цветной капустой,Оливковое масло,19,884,0,100,0,0,0.0,168.0
Тофу с цветной капустой,Горчица,17,66,4.4,4,5.8,3.3,0.75,11.2
Тофу с цветной капустой,Мёд,14,304,0.3,0,82,0.2,0.04,42.6
Тофу с цветной капустой,Лимон,8,29,1.1,0.3,9.3,2.8,0.09,2.3
Тофу с цветной капустой,Соль,0.8,0,0,0,0,0,0.0,0.0
Тофу с цветной капустой,Чёрный перец,0.3,251,10.4,3.3,64,25,0.03,0.8
Тофу с цветной капустой,Чеснок,3,149,6.4,0.5,33.1,2.1,0.19,4.5
Тофу с цветной капустой,Тофу,175.9,144,17,9,3,2,29.9,253.3
Курица с брокколи,Брокколи,162,34,2.8,0.4,7,2.6,4.54,55.1
Курица с брокколи,Кабачок,162,17,1.2,0.3,3.1,1,1.94,27.5
Курица с брокколи,Оливковое масло,15,884,0,100,0,0,0.0,132.6
Курица с брокколи,Горчица,10,66,4.4,4,5.8,3.3,0.44,6.6
Курица с брокколи,Мёд,8,304,0.3,0,82,0.2,0.02,24.3
Курица с брокколи,Лимон,8,29,1.1,0.3,9.3,2.8,0.09,2.3
Курица с брокколи,Соль,0.8,0,0,0,0,0,0.0,0.0
Курица с брокколи,Чёрный перец,0.3,251,10.4,3.3,64,25,0.03,0.8
Курица с брокколи,Чеснок,3,149,6.4,0.5,33.1,2.1,0.19,4.5
Курица с брокколи,Соевый соус,12,53,8.1,0.6,4.9,0.8,0.97,6.4
Курица с брокколи,Имбирь,3,80,1.8,0.8,17.8,2,0.05,2.4
Курица с брокколи,Курица,153.0,120,22.5,2.6,0,0,34.42,183.6
Курица с бататом,Батат,198,86,1.6,0.1,20,3,3.17,170.3
Курица с бататом,Салат,90,15,1.4,0.2,2.9,1.3,1.26,13.5
Курица с бататом,Уксус бальзамический,22,88,0.5,0,17,0,0.11,19.4
Курица с бататом,Оливковое масло,12,884,0,100,0,0,0.0,106.1
Курица с бататом,Горчица,8,66,4.4,4,5.8,3.3,0.35,5.3
Курица с бататом,Соль,0.8,0,0,0,0,0,0.0,0.0
Курица с бататом,Чёрный перец,0.3,251,10.4,3.3,64,25,0.03,0.8
Курица с бататом,Чеснок,3,149,6.4,0.5,33.1,2.1,0.19,4.5
Курица с бататом,Курица,153.0,120,22.5,2.6,0,0,34.42,183.6
Индейка с баклажаном и булгуром,Индейка,150,114,23.7,1.5,0,0,35.55,171.0
Индейка с баклажаном и булгуром,Баклажан,150,25,1,0.2,6,3,1.5,37.5
Индейка с баклажаном и булгуром,Булгур,65,342,12,1.3,76,12.5,7.8,222.3
Индейка с баклажаном и булгуром,Греческий йогурт 2%,35,73,9,2,4,0,3.15,25.6
Индейка с баклажаном и булгуром,Чеснок,3,149,6.4,0.5,33.1,2.1,0.19,4.5
Индейка с баклажаном и булгуром,Лимон,8,29,1.1,0.3,9.3,2.8,0.09,2.3
Индейка с баклажаном и булгуром,Петрушка,3,36,3,0.8,6.3,3.3,0.09,1.1
Индейка с баклажаном и булгуром,Соль,0.8,0,0,0,0,0,0.0,0.0
Индейка с баклажаном и булгуром,Чёрный перец,0.2,251,10.4,3.3,64,25,0.02,0.5
Лосось с зелёной фасолью,Салат,90,15,1.4,0.2,2.9,1.3,1.26,13.5
Лосось с зелёной фасолью,Лимон,30,29,1.1,0.3,9.3,2.8,0.33,8.7
Лосось с зелёной фасолью,Оливковое масло,14,884,0,100,0,0,0.0,123.8
Лосось с зелёной фасолью,Чёрный перец,0.8,251,10.4,3.3,64,25,0.08,2.0
Лосось с зелёной фасолью,Соль,0.8,0,0,0,0,0,0.0,0.0
Лосось с зелёной фасолью,Зелёная фасоль,162.0,31,1.8,0.2,7,3.4,2.92,50.2
Лосось с зелёной фасолью,Лосось свежий,144,208,20,13,0,0,28.8,299.5
Треска с бататом,Батат,198,86,1.6,0.1,20,3,3.17,170.3
Треска с бататом,Шпинат,90,23,2.9,0.4,3.6,2.2,2.61,20.7
Треска с бататом,Лимон,30,29,1.1,0.3,9.3,2.8,0.33,8.7
Треска с бататом,Оливковое масло,14,884,0,100,0,0,0.0,123.8
Треска с бататом,Чёрный перец,0.8,251,10.4,3.3,64,25,0.08,2.0
Треска с бататом,Соль,0.8,0,0,0,0,0,0.0,0.0
Треска с бататом,Треска,144.0,82,18,0.7,0,0,25.92,118.1
Треска с зелёной фасолью,Треска,171,82,18,0.7,0,0,30.78,140.2
Треска с зелёной фасолью,Картофель,225,77,2,0.1,17,2.2,4.5,173.2
Треска с зелёной фасолью,Лимон,30,29,1.1,0.3,9.3,2.8,0.33,8.7
Треска с зелёной фасолью,Оливковое масло,14,884,0,100,0,0,0.0,123.8
Треска с зелёной фасолью,Чёрный перец,0.8,251,10.4,3.3,64,25,0.08,2.0
Треска с зелёной фасолью,Соль,0.8,0,0,0,0,0,0.0,0.0
Треска с зелёной фасолью,Укроп,3,43,3.5,1.1,7,2.1,0.1,1.3
Треска с зелёной фасолью,Зелёная фасоль,162.0,31,1.8,0.2,7,3.4,2.92,50.2
Лосось с цветной капустой,Цветная капуста,162,25,1.9,0.3,5,2,3.08,40.5
Лосось с цветной капустой,Шпинат,90,23,2.9,0.4,3.6,2.2,2.61,20.7
Лосось с цветной капустой,Лимон,30,29,1.1,0.3,9.3,2.8,0.33,8.7
Лосось с цветной капустой,Оливковое масло,14,884,0,100,0,0,0.0,123.8
Лосось с цветной капустой,Чёрный перец,0.8,251,10.4,3.3,64,25,0.08,2.0
Лосось с цветной капустой,Соль,0.8,0,0,0,0,0,0.0,0.0
Лосось с цветной капустой,Лосось свежий,171.0,208,20,13,0,0,34.2,355.7
Креветки с баклажаном,Креветки сырые,162,85,20.1,0.5,0.2,0,32.56,137.7
Креветки с баклажаном,Перец,135,31,1,0.3,6,2.1,1.35,41.9
Креветки с баклажаном,Шпинат,90,23,2.9,0.4,3.6,2.2,2.61,20.7
Креветки с баклажаном,Лимон,30,29,1.1,0.3,9.3,2.8,0.33,8.7
Креветки с баклажаном,Оливковое масло,14,884,0,100,0,0,0.0,123.8
Креветки с баклажаном,Чёрный перец,0.8,251,10.4,3.3,64,25,0.08,2.0
Креветки с баклажаном,Соль,0.8,0,0,0,0,0,0.0,0.0
Креветки с баклажаном,Баклажан,162.0,25,1,0.2,6,3,1.62,40.5
Креветки с зелёной фасолью,Креветки сырые,162,85,20.1,0.5,0.2,0,32.56,137.7
Креветки с зелёной фасолью,Помидоры,135,18,0.9,0.2,3.9,1.2,1.22,24.3
Креветки с зелёной фасолью,Оливковое масло,24,884,0,100,0,0,0.0,212.2
Креветки с зелёной фасолью,Лимон,30,29,1.1,0.3,9.3,2.8,0.33,8.7
Креветки с зелёной фасолью,Чёрный перец,0.8,251,10.4,3.3,64,25,0.08,2.0
Креветки с зелёной фасолью,Соль,0.8,0,0,0,0,0,0.0,0.0
Креветки с зелёной фасолью,Зелёная фасоль,162.0,31,1.8,0.2,7,3.4,2.92,50.2
"Фриттата с брокколи, фетой и помидорами",Яйца,120,143,12.6,9.5,0.7,0,15.12,171.6
"Фриттата с брокколи, фетой и помидорами",Брокколи,100,34,2.8,0.4,7,2.6,2.8,34.0
"Фриттата с брокколи, фетой и помидорами",Фета,35,265,14.2,21.5,3.9,0,4.97,92.8
"Фриттата с брокколи, фетой и помидорами",Помидоры,100,18,0.9,0.2,3.9,1.2,0.9,18.0
"Фриттата с брокколи, фетой и помидорами",Оливковое масло,4,884,0,100,0,0,0.0,35.4
"Фриттата с брокколи, фетой и помидорами",Соль,0.7,0,0,0,0,0,0.0,0.0
"Фриттата с брокколи, фетой и помидорами",Чёрный перец,0.2,251,10.4,3.3,64,25,0.02,0.5
Тофу с зелёной фасолью,Тофу,162,144,17,9,3,2,27.54,233.3
Тофу с зелёной фасолью,Перец,135,31,1,0.3,6,2.1,1.35,41.9
Тофу с зелёной фасолью,Оливковое масло,10,884,0,100,0,0,0.0,88.4
Тофу с зелёной фасолью,Соевый соус,30,53,8.1,0.6,4.9,0.8,2.43,15.9
Тофу с зелёной фасолью,Имбирь,8,80,1.8,0.8,17.8,2,0.14,6.4
Тофу с зелёной фасолью,Чеснок,6,149,6.4,0.5,33.1,2.1,0.38,8.9
Тофу с зелёной фасолью,Зелёная фасоль,162.0,31,1.8,0.2,7,3.4,2.92,50.2
Нут с зелёной фасолью,Нут готовый,117,164,8.9,2.6,27.4,7.6,10.41,191.9
Нут с зелёной фасолью,Помидоры,135,18,0.9,0.2,3.9,1.2,1.22,24.3
Нут с зелёной фасолью,Греческий йогурт 2%,180,73,9,2,4,0,16.2,131.4
Нут с зелёной фасолью,Тахини,33,595,17,54,21,9.3,5.61,196.3
Нут с зелёной фасолью,Лимон,24,29,1.1,0.3,9.3,2.8,0.26,7.0
Нут с зелёной фасолью,Чеснок,4,149,6.4,0.5,33.1,2.1,0.26,6.0
Нут с зелёной фасолью,Соль,0.7,0,0,0,0,0,0.0,0.0
Нут с зелёной фасолью,Чёрный перец,0.2,251,10.4,3.3,64,25,0.02,0.5
Нут с зелёной фасолью,Зелёная фасоль,162.0,31,1.8,0.2,7,3.4,2.92,50.2
Тёплый салат с тофу,Салат,90,15,1.4,0.2,2.9,1.3,1.26,13.5
Тёплый салат с тофу,Помидоры,135,18,0.9,0.2,3.9,1.2,1.22,24.3
Тёплый салат с тофу,Огурцы,135,15,0.7,0.1,3.6,0.5,0.94,20.2
Тёплый салат с тофу,Авокадо,63,160,2,15,8.5,6.7,1.26,100.8
Тёплый салат с тофу,Уксус бальзамический,22,88,0.5,0,17,0,0.11,19.4
Тёплый салат с тофу,Оливковое масло,12,884,0,100,0,0,0.0,106.1
Тёплый салат с тофу,Горчица,8,66,4.4,4,5.8,3.3,0.35,5.3
Тёплый салат с тофу,Соль,0.8,0,0,0,0,0,0.0,0.0
Тёплый салат с тофу,Чёрный перец,0.3,251,10.4,3.3,64,25,0.03,0.8
Тёплый салат с тофу,Чеснок,3,149,6.4,0.5,33.1,2.1,0.19,4.5
Тёплый салат с тофу,Тофу,175.9,144,17,9,3,2,29.9,253.3
Тёплый салат с курицей и свёклой,Салат,90,15,1.4,0.2,2.9,1.3,1.26,13.5
Тёплый салат с курицей и свёклой,Свёкла,135,43,1.6,0.2,10,2.8,2.16,58.0
Тёплый салат с курицей и свёклой,Огурцы,135,15,0.7,0.1,3.6,0.5,0.94,20.2
Тёплый салат с курицей и свёклой,Уксус бальзамический,22,88,0.5,0,17,0,0.11,19.4
Тёплый салат с курицей и свёклой,Оливковое масло,12,884,0,100,0,0,0.0,106.1
Тёплый салат с курицей и свёклой,Горчица,8,66,4.4,4,5.8,3.3,0.35,5.3
Тёплый салат с курицей и свёклой,Соль,0.8,0,0,0,0,0,0.0,0.0
Тёплый салат с курицей и свёклой,Чёрный перец,0.3,251,10.4,3.3,64,25,0.03,0.8
Тёплый салат с курицей и свёклой,Чеснок,3,149,6.4,0.5,33.1,2.1,0.19,4.5
Тёплый салат с курицей и свёклой,Курица,153.0,120,22.5,2.6,0,0,34.42,183.6
Запечённый бататом с творогом и зеленью,Творог 5%,130,121,17,5,3,0,22.1,157.3
Запечённый бататом с творогом и зеленью,Огурцы,100,15,0.7,0.1,3.6,0.5,0.7,15.0
Запечённый бататом с творогом и зеленью,Салат,50,15,1.4,0.2,2.9,1.3,0.7,7.5
Запечённый бататом с творогом и зеленью,Уксус бальзамический,22,88,0.5,0,17,0,0.11,19.4
Запечённый бататом с творогом и зеленью,Оливковое масло,13,884,0,100,0,0,0.0,114.9
Запечённый бататом с творогом и зеленью,Горчица,8,66,4.4,4,5.8,3.3,0.35,5.3
Запечённый бататом с творогом и зеленью,Соль,0.7,0,0,0,0,0,0.0,0.0
Запечённый бататом с творогом и зеленью,Чёрный перец,0.2,251,10.4,3.3,64,25,0.02,0.5
Запечённый бататом с творогом и зеленью,Батат,280.0,86,1.6,0.1,20,3,4.48,240.8
Баклажан с курицей,Баклажан,162,25,1,0.2,6,3,1.62,40.5
Баклажан с курицей,Помидоры,135,18,0.9,0.2,3.9,1.2,1.22,24.3
Баклажан с курицей,Моцарелла,72,254,24.3,15.9,2.8,0,17.5,182.9
Баклажан с курицей,Горчица,17,66,4.4,4,5.8,3.3,0.75,11.2
Баклажан с курицей,Мёд,14,304,0.3,0,82,0.2,0.04,42.6
Баклажан с курицей,Лимон,8,29,1.1,0.3,9.3,2.8,0.09,2.3
Баклажан с курицей,Оливковое масло,9,884,0,100,0,0,0.0,79.6
Баклажан с курицей,Соль,0.8,0,0,0,0,0,0.0,0.0
Баклажан с курицей,Чёрный перец,0.3,251,10.4,3.3,64,25,0.03,0.8
Баклажан с курицей,Чеснок,3,149,6.4,0.5,33.1,2.1,0.19,4.5
Баклажан с курицей,Курица,153.0,120,22.5,2.6,0,0,34.42,183.6
Кабачок с тофу и сыром,Кабачок,162,17,1.2,0.3,3.1,1,1.94,27.5
Кабачок с тофу и сыром,Грюйер,32,413,30,32,0.4,0,9.6,132.2
Кабачок с тофу и сыром,Помидоры,135,18,0.9,0.2,3.9,1.2,1.22,24.3
Кабачок с тофу и сыром,Горчица,17,66,4.4,4,5.8,3.3,0.75,11.2
Кабачок с тофу и сыром,Мёд,14,304,0.3,0,82,0.2,0.04,42.6
Кабачок с тофу и сыром,Лимон,8,29,1.1,0.3,9.3,2.8,0.09,2.3
Кабачок с тофу и сыром,Оливковое масло,9,884,0,100,0,0,0.0,79.6
Кабачок с тофу и сыром,Соль,0.8,0,0,0,0,0,0.0,0.0
Кабачок с тофу и сыром,Чёрный перец,0.3,251,10.4,3.3,64,25,0.03,0.8
Кабачок с тофу и сыром,Чеснок,3,149,6.4,0.5,33.1,2.1,0.19,4.5
Кабачок с тофу и сыром,Тофу,175.9,144,17,9,3,2,29.9,253.3
Кабачком с фасолью и киноа,Фасоль готовая,117,127,8.7,0.5,22.8,6.4,10.18,148.6
Кабачком с фасолью и киноа,Киноа,63,368,14,6,64,7,8.82,231.8
Кабачком с фасолью и киноа,Помидоры,135,18,0.9,0.2,3.9,1.2,1.22,24.3
Кабачком с фасолью и киноа,Тахини,33,595,17,54,21,9.3,5.61,196.3
Кабачком с фасолью и киноа,Лимон,24,29,1.1,0.3,9.3,2.8,0.26,7.0
Кабачком с фасолью и киноа,Чеснок,4,149,6.4,0.5,33.1,2.1,0.26,6.0
Кабачком с фасолью и киноа,Соль,0.7,0,0,0,0,0,0.0,0.0
Кабачком с фасолью и киноа,Чёрный перец,0.2,251,10.4,3.3,64,25,0.02,0.5
Кабачком с фасолью и киноа,Кабачок,135.0,17,1.2,0.3,3.1,1,1.62,22.9
Гречка с тофу и брокколи,Гречка,68,343,13,3.4,72,10,8.84,233.2
Гречка с тофу и брокколи,Тофу,162,144,17,9,3,2,27.54,233.3
Гречка с тофу и брокколи,Помидоры,135,18,0.9,0.2,3.9,1.2,1.22,24.3
Гречка с тофу и брокколи,Соевый соус,30,53,8.1,0.6,4.9,0.8,2.43,15.9
Гречка с тофу и брокколи,Имбирь,8,80,1.8,0.8,17.8,2,0.14,6.4
Гречка с тофу и брокколи,Чеснок,6,149,6.4,0.5,33.1,2.1,0.38,8.9
Гречка с тофу и брокколи,Лайм,10,30,0.7,0.2,10.5,2.8,0.07,3.0
Гречка с тофу и брокколи,Брокколи,90.0,34,2.8,0.4,7,2.6,2.52,30.6
Кускус с креветками,Креветки сырые,162,85,20.1,0.5,0.2,0,32.56,137.7
Кускус с креветками,Кабачок,162,17,1.2,0.3,3.1,1,1.94,27.5
Кускус с креветками,Помидоры,135,18,0.9,0.2,3.9,1.2,1.22,24.3
Кускус с креветками,Лимон,30,29,1.1,0.3,9.3,2.8,0.33,8.7
Кускус с креветками,Оливковое масло,14,884,0,100,0,0,0.0,123.8
Кускус с креветками,Чёрный перец,0.8,251,10.4,3.3,64,25,0.08,2.0
Кускус с креветками,Соль,0.8,0,0,0,0,0,0.0,0.0
Кускус с креветками,Укроп,3,43,3.5,1.1,7,2.1,0.1,1.3
Кускус с креветками,Кускус,68.0,376,12.8,0.6,77,5,8.7,255.7
Киноа с тунцом,Огурцы,135,15,0.7,0.1,3.6,0.5,0.94,20.2
Киноа с тунцом,Помидоры,135,18,0.9,0.2,3.9,1.2,1.22,24.3
Киноа с тунцом,Тунец консервированный в собственном соку,144,116,25.5,0.8,0,0,36.72,167.0
Киноа с тунцом,Лимон,25,29,1.1,0.3,9.3,2.8,0.28,7.2
Киноа с тунцом,Оливковое масло,13,884,0,100,0,0,0.0,114.9
Киноа с тунцом,Чёрный перец,0.8,251,10.4,3.3,64,25,0.08,2.0
Киноа с тунцом,Киноа,68.0,368,14,6,64,7,9.52,250.2
Паста с тунцом и брокколи,Макароны цельнозерновые,72,348,14,2.5,64,8,10.08,250.6
Паста с тунцом и брокколи,Помидоры,135,18,0.9,0.2,3.9,1.2,1.22,24.3
Паста с тунцом и брокколи,Тунец консервированный в собственном соку,144,116,25.5,0.8,0,0,36.72,167.0
Паста с тунцом и брокколи,Лимон,15,29,1.1,0.3,9.3,2.8,0.17,4.3
Паста с тунцом и брокколи,Оливковое масло,13,884,0,100,0,0,0.0,114.9
Паста с тунцом и брокколи,Чёрный перец,0.8,251,10.4,3.3,64,25,0.08,2.0
Паста с тунцом и брокколи,Томатная паста,35,82,4.3,0.5,18.9,4.1,1.5,28.7
Паста с тунцом и брокколи,Чеснок,3,149,6.4,0.5,33.1,2.1,0.19,4.5
Паста с тунцом и брокколи,Базилик,4,23,3.2,0.6,2.7,1.6,0.13,0.9
Паста с тунцом и брокколи,Соль,0.8,0,0,0,0,0,0.0,0.0
Паста с тунцом и брокколи,Брокколи,90.0,34,2.8,0.4,7,2.6,2.52,30.6
Омлет с индейкой и кабачком,Яйца,120,143,12.6,9.5,0.7,0,15.12,171.6
Омлет с индейкой и кабачком,Индейка,153,114,23.7,1.5,0,0,36.26,174.4
Омлет с индейкой и кабачком,Соль,0.8,0,0,0,0,0,0.0,0.0
Омлет с индейкой и кабачком,Чёрный перец,0.3,251,10.4,3.3,64,25,0.03,0.8
Омлет с индейкой и кабачком,Оливковое масло,4,884,0,100,0,0,0.0,35.4
Омлет с индейкой и кабачком,Чеснок,3,149,6.4,0.5,33.1,2.1,0.19,4.5
Омлет с индейкой и кабачком,Соевый соус,12,53,8.1,0.6,4.9,0.8,0.97,6.4
Омлет с индейкой и кабачком,Имбирь,3,80,1.8,0.8,17.8,2,0.05,2.4
Омлет с индейкой и кабачком,Кабачок,135,17,1.2,0.3,3.1,1,1.62,22.9
Скрэмбл с форелью и шпинатом,Яйца,120,143,12.6,9.5,0.7,0,15.12,171.6
Скрэмбл с форелью и шпинатом,Шпинат,90,23,2.9,0.4,3.6,2.2,2.61,20.7
Скрэмбл с форелью и шпинатом,Соль,0.8,0,0,0,0,0,0.0,0.0
Скрэмбл с форелью и шпинатом,Чёрный перец,0.3,251,10.4,3.3,64,25,0.03,0.8
Скрэмбл с форелью и шпинатом,Оливковое масло,6,884,0,100,0,0,0.0,53.0
Скрэмбл с форелью и шпинатом,Лимон,15,29,1.1,0.3,9.3,2.8,0.17,4.3
Скрэмбл с форелью и шпинатом,Форель,144,148,20.5,6.5,0,0,29.52,213.1
Тофу с рисом и брокколи,Рис,75,360,7,1,79,1.3,5.25,270.0
Тофу с рисом и брокколи,Брокколи,180,34,2.8,0.4,7,2.6,5.04,61.2
Тофу с рисом и брокколи,Оливковое масло,15,884,0,100,0,0,0.0,132.6
Тофу с рисом и брокколи,Горчица,10,66,4.4,4,5.8,3.3,0.44,6.6
Тофу с рисом и брокколи,Мёд,8,304,0.3,0,82,0.2,0.02,24.3
Тофу с рисом и брокколи,Лимон,8,29,1.1,0.3,9.3,2.8,0.09,2.3
Тофу с рисом и брокколи,Соль,0.8,0,0,0,0,0,0.0,0.0
Тофу с рисом и брокколи,Чёрный перец,0.3,251,10.4,3.3,64,25,0.03,0.8
Тофу с рисом и брокколи,Чеснок,3,149,6.4,0.5,33.1,2.1,0.19,4.5
Тофу с рисом и брокколи,Соевый соус,12,53,8.1,0.6,4.9,0.8,0.97,6.4
Тофу с рисом и брокколи,Имбирь,3,80,1.8,0.8,17.8,2,0.05,2.4
Тофу с рисом и брокколи,Тофу,170,144,17,9,3,2,28.9,244.8
Индейка с гречкой и кабачком,Гречка,75,343,13,3.4,72,10,9.75,257.2
Индейка с гречкой и кабачком,Кабачок,180,17,1.2,0.3,3.1,1,2.16,30.6
Индейка с гречкой и кабачком,Помидоры,150,18,0.9,0.2,3.9,1.2,1.35,27.0
Индейка с гречкой и кабачком,Горчица,10,66,4.4,4,5.8,3.3,0.44,6.6
Индейка с гречкой и кабачком,Мёд,8,304,0.3,0,82,0.2,0.02,24.3
Индейка с гречкой и кабачком,Лимон,16,29,1.1,0.3,9.3,2.8,0.18,4.6
Индейка с гречкой и кабачком,Оливковое масло,5,884,0,100,0,0,0.0,44.2
Индейка с гречкой и кабачком,Соль,0.8,0,0,0,0,0,0.0,0.0
Индейка с гречкой и кабачком,Чёрный перец,0.3,251,10.4,3.3,64,25,0.03,0.8
Индейка с гречкой и кабачком,Чеснок,3,149,6.4,0.5,33.1,2.1,0.19,4.5
Индейка с гречкой и кабачком,Греческий йогурт 2%,35,73,9,2,4,0,3.15,25.6
Индейка с гречкой и кабачком,Укроп,3,43,3.5,1.1,7,2.1,0.1,1.3
Индейка с гречкой и кабачком,Индейка,170,114,23.7,1.5,0,0,40.29,193.8
Индейка с булгуром и перцем,Булгур,75,342,12,1.3,76,12.5,9.0,256.5
Индейка с булгуром и перцем,Перец,150,31,1,0.3,6,2.1,1.5,46.5
Индейка с булгуром и перцем,Шпинат,100,23,2.9,0.4,3.6,2.2,2.9,23.0
Индейка с булгуром и перцем,Греческий йогурт 2%,45,73,9,2,4,0,4.05,32.9
Индейка с булгуром и перцем,Чеснок,6,149,6.4,0.5,33.1,2.1,0.38,8.9
Индейка с булгуром и перцем,Лимон,8,29,1.1,0.3,9.3,2.8,0.09,2.3
Индейка с булгуром и перцем,Укроп,3,43,3.5,1.1,7,2.1,0.1,1.3
Индейка с булгуром и перцем,Соль,0.8,0,0,0,0,0,0.0,0.0
Индейка с булгуром и перцем,Чёрный перец,0.3,251,10.4,3.3,64,25,0.03,0.8
Индейка с булгуром и перцем,Соевый соус,12,53,8.1,0.6,4.9,0.8,0.97,6.4
Индейка с булгуром и перцем,Имбирь,3,80,1.8,0.8,17.8,2,0.05,2.4
Индейка с булгуром и перцем,Индейка,170,114,23.7,1.5,0,0,40.29,193.8
Индейка с киноа и авокадо,Киноа,70,368,14,6,64,7,9.8,257.6
Индейка с киноа и авокадо,Авокадо,70,160,2,15,8.5,6.7,1.4,112.0
Индейка с киноа и авокадо,Огурцы,150,15,0.7,0.1,3.6,0.5,1.05,22.5
Индейка с киноа и авокадо,Горчица,17,66,4.4,4,5.8,3.3,0.75,11.2
Индейка с киноа и авокадо,Мёд,14,304,0.3,0,82,0.2,0.04,42.6
Индейка с киноа и авокадо,Лимон,8,29,1.1,0.3,9.3,2.8,0.09,2.3
Индейка с киноа и авокадо,Оливковое масло,9,884,0,100,0,0,0.0,79.6
Индейка с киноа и авокадо,Соль,0.8,0,0,0,0,0,0.0,0.0
Индейка с киноа и авокадо,Чёрный перец,0.3,251,10.4,3.3,64,25,0.03,0.8
Индейка с киноа и авокадо,Чеснок,3,149,6.4,0.5,33.1,2.1,0.19,4.5
Индейка с киноа и авокадо,Индейка,170,114,23.7,1.5,0,0,40.29,193.8
Индейка с перловкой и овощами,Индейка,170,114,23.7,1.5,0,0,40.29,193.8
Индейка с перловкой и овощами,Перец,150,31,1,0.3,6,2.1,1.5,46.5
Индейка с перловкой и овощами,Огурцы,150,15,0.7,0.1,3.6,0.5,1.05,22.5
Индейка с перловкой и овощами,Горчица,10,66,4.4,4,5.8,3.3,0.44,6.6
Индейка с перловкой и овощами,Мёд,8,304,0.3,0,82,0.2,0.02,24.3
Индейка с перловкой и овощами,Лимон,8,29,1.1,0.3,9.3,2.8,0.09,2.3
Индейка с перловкой и овощами,Оливковое масло,5,884,0,100,0,0,0.0,44.2
Индейка с перловкой и овощами,Соль,0.8,0,0,0,0,0,0.0,0.0
Индейка с перловкой и овощами,Чёрный перец,0.3,251,10.4,3.3,64,25,0.03,0.8
Индейка с перловкой и овощами,Чеснок,3,149,6.4,0.5,33.1,2.1,0.19,4.5
Индейка с перловкой и овощами,Соевый соус,12,53,8.1,0.6,4.9,0.8,0.97,6.4
Индейка с перловкой и овощами,Имбирь,3,80,1.8,0.8,17.8,2,0.05,2.4
Индейка с перловкой и овощами,Перловка,75,352,9.9,1.2,78,15.6,7.42,264.0
Индейка с киноаом,Индейка,170,114,23.7,1.5,0,0,40.29,193.8
Индейка с киноаом,Кабачок,180,17,1.2,0.3,3.1,1,2.16,30.6
Индейка с киноаом,Помидоры,150,18,0.9,0.2,3.9,1.2,1.35,27.0
Индейка с киноаом,Греческий йогурт 2%,80,73,9,2,4,0,7.2,58.4
Индейка с киноаом,Чеснок,6,149,6.4,0.5,33.1,2.1,0.38,8.9
Индейка с киноаом,Лимон,16,29,1.1,0.3,9.3,2.8,0.18,4.6
Индейка с киноаом,Укроп,6,43,3.5,1.1,7,2.1,0.21,2.6
Индейка с киноаом,Соль,0.8,0,0,0,0,0,0.0,0.0
Индейка с киноаом,Чёрный перец,0.3,251,10.4,3.3,64,25,0.03,0.8
Индейка с киноаом,Киноа,75,368,14,6,64,7,10.5,276.0
Индейка с булгуром,Булгур,75,342,12,1.3,76,12.5,9.0,256.5
Индейка с булгуром,Перец,150,31,1,0.3,6,2.1,1.5,46.5
Индейка с булгуром,Шпинат,100,23,2.9,0.4,3.6,2.2,2.9,23.0
Индейка с булгуром,Горчица,16,66,4.4,4,5.8,3.3,0.7,10.6
Индейка с булгуром,Мёд,8,304,0.3,0,82,0.2,0.02,24.3
Индейка с булгуром,Лимон,8,29,1.1,0.3,9.3,2.8,0.09,2.3
Индейка с булгуром,Оливковое масло,5,884,0,100,0,0,0.0,44.2
Индейка с булгуром,Соль,0.9,0,0,0,0,0,0.0,0.0
Индейка с булгуром,Чёрный перец,0.4,251,10.4,3.3,64,25,0.04,1.0
Индейка с булгуром,Чеснок,3,149,6.4,0.5,33.1,2.1,0.19,4.5
Индейка с булгуром,Соевый соус,12,53,8.1,0.6,4.9,0.8,0.97,6.4
Индейка с булгуром,Имбирь,3,80,1.8,0.8,17.8,2,0.05,2.4
Индейка с булгуром,Индейка,160,114,23.7,1.5,0,0,37.92,182.4
Говядина с перловкой и свёклой,Говядина,160,176,21.4,10.0,0,0,34.24,281.6
Говядина с перловкой и свёклой,Свёкла,150,43,1.6,0.2,10,2.8,2.4,64.5
Говядина с перловкой и свёклой,Огурцы,150,15,0.7,0.1,3.6,0.5,1.05,22.5
Говядина с перловкой и свёклой,Уксус бальзамический,12,88,0.5,0,17,0,0.06,10.6
Говядина с перловкой и свёклой,Оливковое масло,11,884,0,100,0,0,0.0,97.2
Говядина с перловкой и свёклой,Горчица,10,66,4.4,4,5.8,3.3,0.44,6.6
Говядина с перловкой и свёклой,Соль,0.9,0,0,0,0,0,0.0,0.0
Говядина с перловкой и свёклой,Чёрный перец,0.4,251,10.4,3.3,64,25,0.04,1.0
Говядина с перловкой и свёклой,Чеснок,3,149,6.4,0.5,33.1,2.1,0.19,4.5
Говядина с перловкой и свёклой,Уксус винный,8,19,0,0,0.3,0,0.0,1.5
Говядина с перловкой и свёклой,Перловка,75,352,9.9,1.2,78,15.6,7.42,264.0
Треска с киноа и авокадо,Киноа,70,368,14,6,64,7,9.8,257.6
Треска с киноа и авокадо,Авокадо,70,160,2,15,8.5,6.7,1.4,112.0
Треска с киноа и авокадо,Огурцы,150,15,0.7,0.1,3.6,0.5,1.05,22.5
Треска с киноа и авокадо,Лимон,30,29,1.1,0.3,9.3,2.8,0.33,8.7
Треска с киноа и авокадо,Оливковое масло,14,884,0,100,0,0,0.0,123.8
Треска с киноа и авокадо,Чёрный перец,0.8,251,10.4,3.3,64,25,0.08,2.0
Треска с киноа и авокадо,Соль,0.8,0,0,0,0,0,0.0,0.0
Треска с киноа и авокадо,Треска,160,82,18,0.7,0,0,28.8,131.2
Форель с картофелем и зелёной фасолью,Форель,155,148,20.5,6.5,0,0,31.77,229.4
Форель с картофелем и зелёной фасолью,Картофель,220,77,2,0.1,17,2.2,4.4,169.4
Форель с картофелем и зелёной фасолью,Зелёная фасоль,150,31,1.8,0.2,7,3.4,2.7,46.5
Форель с картофелем и зелёной фасолью,Лимон,15,29,1.1,0.3,9.3,2.8,0.17,4.3
Форель с картофелем и зелёной фасолью,Оливковое масло,5,884,0,100,0,0,0.0,44.2
Форель с картофелем и зелёной фасолью,Укроп,3,43,3.5,1.1,7,2.1,0.1,1.3
Форель с картофелем и зелёной фасолью,Соль,0.7,0,0,0,0,0,0.0,0.0
Форель с картофелем и зелёной фасолью,Чёрный перец,0.2,251,10.4,3.3,64,25,0.02,0.5
Лосось с рисом и овощами,Рис,75,360,7,1,79,1.3,5.25,270.0
Лосось с рисом и овощами,Кабачок,180,17,1.2,0.3,3.1,1,2.16,30.6
Лосось с рисом и овощами,Перец,150,31,1,0.3,6,2.1,1.5,46.5
Лосось с рисом и овощами,Лимон,30,29,1.1,0.3,9.3,2.8,0.33,8.7
Лосось с рисом и овощами,Оливковое масло,14,884,0,100,0,0,0.0,123.8
Лосось с рисом и овощами,Чёрный перец,0.8,251,10.4,3.3,64,25,0.08,2.0
Лосось с рисом и овощами,Соль,0.8,0,0,0,0,0,0.0,0.0
Лосось с рисом и овощами,Укроп,3,43,3.5,1.1,7,2.1,0.1,1.3
Лосось с рисом и овощами,Лосось свежий,190,208,20,13,0,0,38.0,395.2
Треска с бататом и цветной капустой,Треска,170,82,18,0.7,0,0,30.6,139.4
Треска с бататом и цветной капустой,Батат,220,86,1.6,0.1,20,3,3.52,189.2
Треска с бататом и цветной капустой,Цветная капуста,150,25,1.9,0.3,5,2,2.85,37.5
Треска с бататом и цветной капустой,Лимон,15,29,1.1,0.3,9.3,2.8,0.17,4.3
Треска с бататом и цветной капустой,Оливковое масло,5,884,0,100,0,0,0.0,44.2
Треска с бататом и цветной капустой,Петрушка,4,36,3,0.8,6.3,3.3,0.12,1.4
Треска с бататом и цветной капустой,Соль,0.7,0,0,0,0,0,0.0,0.0
Треска с бататом и цветной капустой,Чёрный перец,0.2,251,10.4,3.3,64,25,0.02,0.5
Креветки с рисом и зелёной фасолью,Креветки сырые,180,85,20.1,0.5,0.2,0,36.18,153.0
Креветки с рисом и зелёной фасолью,Рис,75,360,7,1,79,1.3,5.25,270.0
Креветки с рисом и зелёной фасолью,Оливковое масло,24,884,0,100,0,0,0.0,212.2
Креветки с рисом и зелёной фасолью,Лимон,30,29,1.1,0.3,9.3,2.8,0.33,8.7
Креветки с рисом и зелёной фасолью,Чёрный перец,0.8,251,10.4,3.3,64,25,0.08,2.0
Креветки с рисом и зелёной фасолью,Соль,0.8,0,0,0,0,0,0.0,0.0
Креветки с рисом и зелёной фасолью,Укроп,3,43,3.5,1.1,7,2.1,0.1,1.3
Креветки с рисом и зелёной фасолью,Зелёная фасоль,180,31,1.8,0.2,7,3.4,3.24,55.8
Тофу с перловкой и брокколи,Тофу,180,144,17,9,3,2,30.6,259.2
Тофу с перловкой и брокколи,Брокколи,180,34,2.8,0.4,7,2.6,5.04,61.2
Тофу с перловкой и брокколи,Перец,150,31,1,0.3,6,2.1,1.5,46.5
Тофу с перловкой и брокколи,Соевый соус,30,53,8.1,0.6,4.9,0.8,2.43,15.9
Тофу с перловкой и брокколи,Имбирь,8,80,1.8,0.8,17.8,2,0.14,6.4
Тофу с перловкой и брокколи,Чеснок,6,149,6.4,0.5,33.1,2.1,0.38,8.9
Тофу с перловкой и брокколи,Перловка,75,352,9.9,1.2,78,15.6,7.42,264.0
Паста с индейкой и шпинатом,Макароны цельнозерновые,80,348,14,2.5,64,8,11.2,278.4
Паста с индейкой и шпинатом,Шпинат,100,23,2.9,0.4,3.6,2.2,2.9,23.0
Паста с индейкой и шпинатом,Помидоры,150,18,0.9,0.2,3.9,1.2,1.35,27.0
Паста с индейкой и шпинатом,Томатная паста,65,82,4.3,0.5,18.9,4.1,2.79,53.3
Паста с индейкой и шпинатом,Чеснок,6,149,6.4,0.5,33.1,2.1,0.38,8.9
Паста с индейкой и шпинатом,Базилик,8,23,3.2,0.6,2.7,1.6,0.26,1.8
Паста с индейкой и шпинатом,Оливковое масло,10,884,0,100,0,0,0.0,88.4
Паста с индейкой и шпинатом,Соль,0.8,0,0,0,0,0,0.0,0.0
Паста с индейкой и шпинатом,Чёрный перец,0.3,251,10.4,3.3,64,25,0.03,0.8
Паста с индейкой и шпинатом,Индейка,170,114,23.7,1.5,0,0,40.29,193.8
Паста с индейкой и баклажаном,Индейка,170,114,23.7,1.5,0,0,40.29,193.8
Паста с индейкой и баклажаном,Макароны цельнозерновые,80,348,14,2.5,64,8,11.2,278.4
Паста с индейкой и баклажаном,Помидоры,150,18,0.9,0.2,3.9,1.2,1.35,27.0
Паста с индейкой и баклажаном,Томатная паста,65,82,4.3,0.5,18.9,4.1,2.79,53.3
Паста с индейкой и баклажаном,Чеснок,6,149,6.4,0.5,33.1,2.1,0.38,8.9
Паста с индейкой и баклажаном,Базилик,8,23,3.2,0.6,2.7,1.6,0.26,1.8
Паста с индейкой и баклажаном,Оливковое масло,10,884,0,100,0,0,0.0,88.4
Паста с индейкой и баклажаном,Соль,0.8,0,0,0,0,0,0.0,0.0
Паста с индейкой и баклажаном,Чёрный перец,0.3,251,10.4,3.3,64,25,0.03,0.8
Паста с индейкой и баклажаном,Баклажан,180,25,1,0.2,6,3,1.8,45.0
Булгур с индейкой и овощами,Булгур,75,342,12,1.3,76,12.5,9.0,256.5
Булгур с индейкой и овощами,Баклажан,180,25,1,0.2,6,3,1.8,45.0
Булгур с индейкой и овощами,Перец,150,31,1,0.3,6,2.1,1.5,46.5
Булгур с индейкой и овощами,Горчица,16,66,4.4,4,5.8,3.3,0.7,10.6
Булгур с индейкой и овощами,Мёд,8,304,0.3,0,82,0.2,0.02,24.3
Булгур с индейкой и овощами,Лимон,8,29,1.1,0.3,9.3,2.8,0.09,2.3
Булгур с индейкой и овощами,Оливковое масло,5,884,0,100,0,0,0.0,44.2
Булгур с индейкой и овощами,Соль,0.9,0,0,0,0,0,0.0,0.0
Булгур с индейкой и овощами,Чёрный перец,0.4,251,10.4,3.3,64,25,0.04,1.0
Булгур с индейкой и овощами,Чеснок,3,149,6.4,0.5,33.1,2.1,0.19,4.5
Булгур с индейкой и овощами,Соевый соус,12,53,8.1,0.6,4.9,0.8,0.97,6.4
Булгур с индейкой и овощами,Имбирь,3,80,1.8,0.8,17.8,2,0.05,2.4
Булгур с индейкой и овощами,Индейка,160,114,23.7,1.5,0,0,37.92,182.4
Кускус с индейкой и овощами,Кускус,75,376,12.8,0.6,77,5,9.6,282.0
Кускус с индейкой и овощами,Огурцы,150,15,0.7,0.1,3.6,0.5,1.05,22.5
Кускус с индейкой и овощами,Помидоры,150,18,0.9,0.2,3.9,1.2,1.35,27.0
Кускус с индейкой и овощами,Греческий йогурт 2%,80,73,9,2,4,0,7.2,58.4
Кускус с индейкой и овощами,Чеснок,6,149,6.4,0.5,33.1,2.1,0.38,8.9
Кускус с индейкой и овощами,Лимон,16,29,1.1,0.3,9.3,2.8,0.18,4.6
Кускус с индейкой и овощами,Укроп,6,43,3.5,1.1,7,2.1,0.21,2.6
Кускус с индейкой и овощами,Соль,0.8,0,0,0,0,0,0.0,0.0
Кускус с индейкой и овощами,Чёрный перец,0.3,251,10.4,3.3,64,25,0.03,0.8
Кускус с индейкой и овощами,Индейка,170,114,23.7,1.5,0,0,40.29,193.8
Батат с индейкой и авокадо,Батат,220,86,1.6,0.1,20,3,3.52,189.2
Батат с индейкой и авокадо,Авокадо,70,160,2,15,8.5,6.7,1.4,112.0
Батат с индейкой и авокадо,Салат,100,15,1.4,0.2,2.9,1.3,1.4,15.0
Батат с индейкой и авокадо,Уксус бальзамический,22,88,0.5,0,17,0,0.11,19.4
Батат с индейкой и авокадо,Оливковое масло,12,884,0,100,0,0,0.0,106.1
Батат с индейкой и авокадо,Горчица,8,66,4.4,4,5.8,3.3,0.35,5.3
Батат с индейкой и авокадо,Соль,0.8,0,0,0,0,0,0.0,0.0
Батат с индейкой и авокадо,Чёрный перец,0.3,251,10.4,3.3,64,25,0.03,0.8
Батат с индейкой и авокадо,Чеснок,3,149,6.4,0.5,33.1,2.1,0.19,4.5
Батат с индейкой и авокадо,Индейка,170,114,23.7,1.5,0,0,40.29,193.8
Тофу с овощами на сковороде,Кабачок,162,17,1.2,0.3,3.1,1,1.94,27.5
Тофу с овощами на сковороде,Перец,135,31,1,0.3,6,2.1,1.35,41.9
Тофу с овощами на сковороде,Брокколи,162,34,2.8,0.4,7,2.6,4.54,55.1
Тофу с овощами на сковороде,Горчица,10,66,4.4,4,5.8,3.3,0.44,6.6
Тофу с овощами на сковороде,Мёд,8,304,0.3,0,82,0.2,0.02,24.3
Тофу с овощами на сковороде,Лимон,8,29,1.1,0.3,9.3,2.8,0.09,2.3
Тофу с овощами на сковороде,Оливковое масло,5,884,0,100,0,0,0.0,44.2
Тофу с овощами на сковороде,Соль,0.8,0,0,0,0,0,0.0,0.0
Тофу с овощами на сковороде,Чёрный перец,0.3,251,10.4,3.3,64,25,0.03,0.8
Тофу с овощами на сковороде,Чеснок,3,149,6.4,0.5,33.1,2.1,0.19,4.5
Тофу с овощами на сковороде,Соевый соус,12,53,8.1,0.6,4.9,0.8,0.97,6.4
Тофу с овощами на сковороде,Имбирь,3,80,1.8,0.8,17.8,2,0.05,2.4
Тофу с овощами на сковороде,Тофу,153,144,17,9,3,2,26.01,220.3
Индейка с цветной капустой,Цветная капуста,162,25,1.9,0.3,5,2,3.08,40.5
Индейка с цветной капустой,Шпинат,90,23,2.9,0.4,3.6,2.2,2.61,20.7
Индейка с цветной капустой,Оливковое масло,19,884,0,100,0,0,0.0,168.0
Индейка с цветной капустой,Горчица,17,66,4.4,4,5.8,3.3,0.75,11.2
Индейка с цветной капустой,Мёд,14,304,0.3,0,82,0.2,0.04,42.6
Индейка с цветной капустой,Лимон,8,29,1.1,0.3,9.3,2.8,0.09,2.3
Индейка с цветной капустой,Соль,0.8,0,0,0,0,0,0.0,0.0
Индейка с цветной капустой,Чёрный перец,0.3,251,10.4,3.3,64,25,0.03,0.8
Индейка с цветной капустой,Чеснок,3,149,6.4,0.5,33.1,2.1,0.19,4.5
Индейка с цветной капустой,Индейка,153,114,23.7,1.5,0,0,36.26,174.4
Индейка с зелёной фасолью,Индейка,153,114,23.7,1.5,0,0,36.26,174.4
Индейка с зелёной фасолью,Кабачок,162,17,1.2,0.3,3.1,1,1.94,27.5
Индейка с зелёной фасолью,Оливковое масло,15,884,0,100,0,0,0.0,132.6
Индейка с зелёной фасолью,Горчица,10,66,4.4,4,5.8,3.3,0.44,6.6
Индейка с зелёной фасолью,Мёд,8,304,0.3,0,82,0.2,0.02,24.3
Индейка с зелёной фасолью,Лимон,8,29,1.1,0.3,9.3,2.8,0.09,2.3
Индейка с зелёной фасолью,Соль,0.8,0,0,0,0,0,0.0,0.0
Индейка с зелёной фасолью,Чёрный перец,0.3,251,10.4,3.3,64,25,0.03,0.8
Индейка с зелёной фасолью,Чеснок,3,149,6.4,0.5,33.1,2.1,0.19,4.5
Индейка с зелёной фасолью,Соевый соус,12,53,8.1,0.6,4.9,0.8,0.97,6.4
Индейка с зелёной фасолью,Имбирь,3,80,1.8,0.8,17.8,2,0.05,2.4
Индейка с зелёной фасолью,Зелёная фасоль,162,31,1.8,0.2,7,3.4,2.92,50.2
Форель с брокколи,Брокколи,162,34,2.8,0.4,7,2.6,4.54,55.1
Форель с брокколи,Салат,90,15,1.4,0.2,2.9,1.3,1.26,13.5
Форель с брокколи,Лимон,30,29,1.1,0.3,9.3,2.8,0.33,8.7
Форель с брокколи,Оливковое масло,14,884,0,100,0,0,0.0,123.8
Форель с брокколи,Чёрный перец,0.8,251,10.4,3.3,64,25,0.08,2.0
Форель с брокколи,Соль,0.8,0,0,0,0,0,0.0,0.0
Форель с брокколи,Форель,144,148,20.5,6.5,0,0,29.52,213.1
Форель с бататом,Батат,198,86,1.6,0.1,20,3,3.17,170.3
Форель с бататом,Шпинат,90,23,2.9,0.4,3.6,2.2,2.61,20.7
Форель с бататом,Лимон,30,29,1.1,0.3,9.3,2.8,0.33,8.7
Форель с бататом,Оливковое масло,14,884,0,100,0,0,0.0,123.8
Форель с бататом,Чёрный перец,0.8,251,10.4,3.3,64,25,0.08,2.0
Форель с бататом,Соль,0.8,0,0,0,0,0,0.0,0.0
Форель с бататом,Форель,144,148,20.5,6.5,0,0,29.52,213.1
Форель с булгуром и брокколи,Форель,160,148,20.5,6.5,0,0,32.8,236.8
Форель с булгуром и брокколи,Булгур,60,342,12,1.3,76,12.5,7.2,205.2
Форель с булгуром и брокколи,Брокколи,160,34,2.8,0.4,7,2.6,4.48,54.4
Форель с булгуром и брокколи,Лимон,15,29,1.1,0.3,9.3,2.8,0.17,4.3
Форель с булгуром и брокколи,Оливковое масло,5,884,0,100,0,0,0.0,44.2
Форель с булгуром и брокколи,Укроп,3,43,3.5,1.1,7,2.1,0.1,1.3
Форель с булгуром и брокколи,Соль,0.7,0,0,0,0,0,0.0,0.0
Форель с булгуром и брокколи,Чёрный перец,0.2,251,10.4,3.3,64,25,0.02,0.5
Кабачок с индейкой и сыром,Кабачок,162,17,1.2,0.3,3.1,1,1.94,27.5
Кабачок с индейкой и сыром,Грюйер,32,413,30,32,0.4,0,9.6,132.2
Кабачок с индейкой и сыром,Помидоры,135,18,0.9,0.2,3.9,1.2,1.22,24.3
Кабачок с индейкой и сыром,Горчица,17,66,4.4,4,5.8,3.3,0.75,11.2
Кабачок с индейкой и сыром,Мёд,14,304,0.3,0,82,0.2,0.04,42.6
Кабачок с индейкой и сыром,Лимон,8,29,1.1,0.3,9.3,2.8,0.09,2.3
Кабачок с индейкой и сыром,Оливковое масло,9,884,0,100,0,0,0.0,79.6
Кабачок с индейкой и сыром,Соль,0.8,0,0,0,0,0,0.0,0.0
Кабачок с индейкой и сыром,Чёрный перец,0.3,251,10.4,3.3,64,25,0.03,0.8
Кабачок с индейкой и сыром,Чеснок,3,149,6.4,0.5,33.1,2.1,0.19,4.5
Кабачок с индейкой и сыром,Индейка,153,114,23.7,1.5,0,0,36.26,174.4
Перловка с тофу и шпинатом,Тофу,162,144,17,9,3,2,27.54,233.3
Перловка с тофу и шпинатом,Шпинат,90,23,2.9,0.4,3.6,2.2,2.61,20.7
Перловка с тофу и шпинатом,Помидоры,135,18,0.9,0.2,3.9,1.2,1.22,24.3
Перловка с тофу и шпинатом,Соевый соус,30,53,8.1,0.6,4.9,0.8,2.43,15.9
Перловка с тофу и шпинатом,Имбирь,8,80,1.8,0.8,17.8,2,0.14,6.4
Перловка с тофу и шпинатом,Чеснок,6,149,6.4,0.5,33.1,2.1,0.38,8.9
Перловка с тофу и шпинатом,Лайм,10,30,0.7,0.2,10.5,2.8,0.07,3.0
Перловка с тофу и шпинатом,Перловка,68,352,9.9,1.2,78,15.6,6.73,239.4
"Йогурт с бананом, чиа и миндалём",Греческий йогурт 2%,180,73,9,2,4,0,16.2,131.4
"Йогурт с бананом, чиа и миндалём",Банан,100,89,1.1,0.3,23,2.6,1.1,89.0
"Йогурт с бананом, чиа и миндалём",Семена чиа,10,486,17,31,42,34,1.7,48.6
"Йогурт с бананом, чиа и миндалём",Миндаль,12,579,21,50,22,12.5,2.52,69.5
"Йогурт с клубникой, овсянкой и миндалём",Греческий йогурт 2%,180,73,9,2,4,0,16.2,131.4
"Йогурт с клубникой, овсянкой и миндалём",Клубника,120,32,0.7,0.3,7.7,2,0.84,38.4
"Йогурт с клубникой, овсянкой и миндалём",Овсянка,35,370,13,7,62,10,4.55,129.5
"Йогурт с клубникой, овсянкой и миндалём",Миндаль,15,579,21,50,22,12.5,3.15,86.8
Овсянка с вишней и грецкими орехами,Овсянка,55,370,13,7,62,10,7.15,203.5
Овсянка с вишней и грецкими орехами,"Молоко 3,2%",180,60,3.2,3.2,4.7,0,5.76,108.0
Овсянка с вишней и грецкими орехами,Вишня,100,50,1,0.3,12,1.6,1.0,50.0
Овсянка с вишней и грецкими орехами,Грецкие орехи,15,654,15,65,14,6.7,2.25,98.1
Овсянка с вишней и грецкими орехами,Соль,0.5,0,0,0,0,0,0.0,0.0
Овсянка с грушей и миндалём,Овсянка,55,370,13,7,62,10,7.15,203.5
Овсянка с грушей и миндалём,"Молоко 3,2%",180,60,3.2,3.2,4.7,0,5.76,108.0
Овсянка с грушей и миндалём,Груша,120,57,0.4,0.1,15,3.1,0.48,68.4
Овсянка с грушей и миндалём,Миндаль,15,579,21,50,22,12.5,3.15,86.8
Овсянка с грушей и миндалём,Соль,0.5,0,0,0,0,0,0.0,0.0
"Омлет с фетой, шпинатом и помидорами",Яйца,120,143,12.6,9.5,0.7,0,15.12,171.6
"Омлет с фетой, шпинатом и помидорами",Фета,35,265,14.2,21.5,3.9,0,4.97,92.8
"Омлет с фетой, шпинатом и помидорами",Шпинат,70,23,2.9,0.4,3.6,2.2,2.03,16.1
"Омлет с фетой, шпинатом и помидорами",Помидоры,100,18,0.9,0.2,3.9,1.2,0.9,18.0
"Омлет с фетой, шпинатом и помидорами",Оливковое масло,4,884,0,100,0,0,0.0,35.4
"Омлет с фетой, шпинатом и помидорами",Соль,0.7,0,0,0,0,0,0.0,0.0
"Омлет с фетой, шпинатом и помидорами",Чёрный перец,0.2,251,10.4,3.3,64,25,0.02,0.5
"Омлет с моцареллой, помидорами и базиликом",Яйца,120,143,12.6,9.5,0.7,0,15.12,171.6
"Омлет с моцареллой, помидорами и базиликом",Моцарелла,40,254,24.3,15.9,2.8,0,9.72,101.6
"Омлет с моцареллой, помидорами и базиликом",Помидоры,120,18,0.9,0.2,3.9,1.2,1.08,21.6
"Омлет с моцареллой, помидорами и базиликом",Базилик,4,23,3.2,0.6,2.7,1.6,0.13,0.9
"Омлет с моцареллой, помидорами и базиликом",Оливковое масло,4,884,0,100,0,0,0.0,35.4
"Омлет с моцареллой, помидорами и базиликом",Соль,0.7,0,0,0,0,0,0.0,0.0
"Тост с авокадо, яйцом и помидорами",Хлеб цельнозерновой,75,252,12.45,3.5,42.71,6,9.34,189.0
"Тост с авокадо, яйцом и помидорами",Авокадо,70,160,2,15,8.5,6.7,1.4,112.0
"Тост с авокадо, яйцом и помидорами",Яйца,60,143,12.6,9.5,0.7,0,7.56,85.8
"Тост с авокадо, яйцом и помидорами",Помидоры,100,18,0.9,0.2,3.9,1.2,0.9,18.0
"Тост с авокадо, яйцом и помидорами",Лимон,8,29,1.1,0.3,9.3,2.8,0.09,2.3
"Тост с авокадо, яйцом и помидорами",Соль,0.5,0,0,0,0,0,0.0,0.0
"Тост с авокадо, яйцом и помидорами",Чёрный перец,0.2,251,10.4,3.3,64,25,0.02,0.5
Творог с бананом и грецкими орехами,Творог 5%,180,121,17,5,3,0,30.6,217.8
Творог с бананом и грецкими орехами,Банан,100,89,1.1,0.3,23,2.6,1.1,89.0
Творог с бананом и грецкими орехами,Грецкие орехи,15,654,15,65,14,6.7,2.25,98.1
Греческий йогурт с манго и фисташками,Греческий йогурт 2%,180,73,9,2,4,0,16.2,131.4
Греческий йогурт с манго и фисташками,Манго,120,60,0.8,0.4,15,1.6,0.96,72.0
Греческий йогурт с манго и фисташками,Фисташки,15,562,20,45,28,10,3.0,84.3
"Киноа-боул с курицей, авокадо и томатами",Курица,150,120,22.5,2.6,0,0,33.75,180.0
"Киноа-боул с курицей, авокадо и томатами",Киноа,65,368,14,6,64,7,9.1,239.2
"Киноа-боул с курицей, авокадо и томатами",Авокадо,60,160,2,15,8.5,6.7,1.2,96.0
"Киноа-боул с курицей, авокадо и томатами",Помидоры,120,18,0.9,0.2,3.9,1.2,1.08,21.6
"Киноа-боул с курицей, авокадо и томатами",Лимон,12,29,1.1,0.3,9.3,2.8,0.13,3.5
"Киноа-боул с курицей, авокадо и томатами",Оливковое масло,5,884,0,100,0,0,0.0,44.2
"Киноа-боул с курицей, авокадо и томатами",Соль,0.8,0,0,0,0,0,0.0,0.0
"Киноа-боул с курицей, авокадо и томатами",Чёрный перец,0.3,251,10.4,3.3,64,25,0.03,0.8
"Булгур с индейкой, кабачком и йогуртовым соусом",Индейка,150,114,23.7,1.5,0,0,35.55,171.0
"Булгур с индейкой, кабачком и йогуртовым соусом",Булгур,70,342,12,1.3,76,12.5,8.4,239.4
"Булгур с индейкой, кабачком и йогуртовым соусом",Кабачок,140,17,1.2,0.3,3.1,1,1.68,23.8
"Булгур с индейкой, кабачком и йогуртовым соусом",Греческий йогурт 2%,35,73,9,2,4,0,3.15,25.6
"Булгур с индейкой, кабачком и йогуртовым соусом",Чеснок,3,149,6.4,0.5,33.1,2.1,0.19,4.5
"Булгур с индейкой, кабачком и йогуртовым соусом",Лимон,8,29,1.1,0.3,9.3,2.8,0.09,2.3
"Булгур с индейкой, кабачком и йогуртовым соусом",Укроп,3,43,3.5,1.1,7,2.1,0.1,1.3
"Булгур с индейкой, кабачком и йогуртовым соусом",Соль,0.8,0,0,0,0,0,0.0,0.0
"Кускус с курицей, перцем и лимонной заправкой",Курица,150,120,22.5,2.6,0,0,33.75,180.0
"Кускус с курицей, перцем и лимонной заправкой",Кускус,70,376,12.8,0.6,77,5,8.96,263.2
"Кускус с курицей, перцем и лимонной заправкой",Перец,130,31,1,0.3,6,2.1,1.3,40.3
"Кускус с курицей, перцем и лимонной заправкой",Лимон,15,29,1.1,0.3,9.3,2.8,0.17,4.3
"Кускус с курицей, перцем и лимонной заправкой",Оливковое масло,6,884,0,100,0,0,0.0,53.0
"Кускус с курицей, перцем и лимонной заправкой",Петрушка,3,36,3,0.8,6.3,3.3,0.09,1.1
"Кускус с курицей, перцем и лимонной заправкой",Соль,0.8,0,0,0,0,0,0.0,0.0
"Рис с индейкой, брокколи и соево-имбирным соусом",Индейка,150,114,23.7,1.5,0,0,35.55,171.0
"Рис с индейкой, брокколи и соево-имбирным соусом",Рис,70,360,7,1,79,1.3,4.9,252.0
"Рис с индейкой, брокколи и соево-имбирным соусом",Брокколи,150,34,2.8,0.4,7,2.6,4.2,51.0
"Рис с индейкой, брокколи и соево-имбирным соусом",Соевый соус,15,53,8.1,0.6,4.9,0.8,1.22,8.0
"Рис с индейкой, брокколи и соево-имбирным соусом",Имбирь,4,80,1.8,0.8,17.8,2,0.07,3.2
"Рис с индейкой, брокколи и соево-имбирным соусом",Чеснок,3,149,6.4,0.5,33.1,2.1,0.19,4.5
"Говядина с рисом, перцем и имбирём",Говядина,150,176,21.4,10.0,0,0,32.1,264.0
"Говядина с рисом, перцем и имбирём",Рис,70,360,7,1,79,1.3,4.9,252.0
"Говядина с рисом, перцем и имбирём",Перец,140,31,1,0.3,6,2.1,1.4,43.4
"Говядина с рисом, перцем и имбирём",Соевый соус,15,53,8.1,0.6,4.9,0.8,1.22,8.0
"Говядина с рисом, перцем и имбирём",Имбирь,4,80,1.8,0.8,17.8,2,0.07,3.2
"Говядина с рисом, перцем и имбирём",Чеснок,3,149,6.4,0.5,33.1,2.1,0.19,4.5
"Тофу с киноа, брокколи и тахини",Тофу,170,144,17,9,3,2,28.9,244.8
"Тофу с киноа, брокколи и тахини",Киноа,65,368,14,6,64,7,9.1,239.2
"Тофу с киноа, брокколи и тахини",Брокколи,150,34,2.8,0.4,7,2.6,4.2,51.0
"Тофу с киноа, брокколи и тахини",Тахини,15,595,17,54,21,9.3,2.55,89.2
"Тофу с киноа, брокколи и тахини",Лимон,12,29,1.1,0.3,9.3,2.8,0.13,3.5
"Тофу с киноа, брокколи и тахини",Чеснок,2,149,6.4,0.5,33.1,2.1,0.13,3.0
"Чечевица с булгуром, томатами и петрушкой",Чечевица готовая,160,116,9.0,0.4,20.1,7.9,14.4,185.6
"Чечевица с булгуром, томатами и петрушкой",Булгур,60,342,12,1.3,76,12.5,7.2,205.2
"Чечевица с булгуром, томатами и петрушкой",Помидоры,140,18,0.9,0.2,3.9,1.2,1.26,25.2
"Чечевица с булгуром, томатами и петрушкой",Петрушка,5,36,3,0.8,6.3,3.3,0.15,1.8
"Чечевица с булгуром, томатами и петрушкой",Лимон,12,29,1.1,0.3,9.3,2.8,0.13,3.5
"Чечевица с булгуром, томатами и петрушкой",Оливковое масло,5,884,0,100,0,0,0.0,44.2
"Нут с кускусом, перцем и тахини",Нут готовый,160,164,8.9,2.6,27.4,7.6,14.24,262.4
"Нут с кускусом, перцем и тахини",Кускус,65,376,12.8,0.6,77,5,8.32,244.4
"Нут с кускусом, перцем и тахини",Перец,130,31,1,0.3,6,2.1,1.3,40.3
"Нут с кускусом, перцем и тахини",Тахини,15,595,17,54,21,9.3,2.55,89.2
"Нут с кускусом, перцем и тахини",Лимон,12,29,1.1,0.3,9.3,2.8,0.13,3.5
"Нут с кускусом, перцем и тахини",Чеснок,2,149,6.4,0.5,33.1,2.1,0.13,3.0
Паста с курицей и томатно-базиликовым соусом,Курица,145,120,22.5,2.6,0,0,32.62,174.0
Паста с курицей и томатно-базиликовым соусом,Макароны цельнозерновые,75,348,14,2.5,64,8,10.5,261.0
Паста с курицей и томатно-базиликовым соусом,Томатная паста,40,82,4.3,0.5,18.9,4.1,1.72,32.8
Паста с курицей и томатно-базиликовым соусом,Помидоры,120,18,0.9,0.2,3.9,1.2,1.08,21.6
Паста с курицей и томатно-базиликовым соусом,Чеснок,3,149,6.4,0.5,33.1,2.1,0.19,4.5
Паста с курицей и томатно-базиликовым соусом,Базилик,5,23,3.2,0.6,2.7,1.6,0.16,1.1
Паста с курицей и томатно-базиликовым соусом,Оливковое масло,5,884,0,100,0,0,0.0,44.2
Паста с консервированным тунцом и томатами,Тунец консервированный в собственном соку,130,116,25.5,0.8,0,0,33.15,150.8
Паста с консервированным тунцом и томатами,Макароны цельнозерновые,75,348,14,2.5,64,8,10.5,261.0
Паста с консервированным тунцом и томатами,Томатная паста,35,82,4.3,0.5,18.9,4.1,1.5,28.7
Паста с консервированным тунцом и томатами,Помидоры,120,18,0.9,0.2,3.9,1.2,1.08,21.6
Паста с консервированным тунцом и томатами,Чеснок,3,149,6.4,0.5,33.1,2.1,0.19,4.5
Паста с консервированным тунцом и томатами,Базилик,4,23,3.2,0.6,2.7,1.6,0.13,0.9
Паста с консервированным тунцом и томатами,Оливковое масло,5,884,0,100,0,0,0.0,44.2
Лосось с киноа и зелёной фасолью,Киноа,60,368,14,6,64,7,8.4,220.8
Лосось с киноа и зелёной фасолью,Зелёная фасоль,160,31,1.8,0.2,7,3.4,2.88,49.6
Лосось с киноа и зелёной фасолью,Лимон,15,29,1.1,0.3,9.3,2.8,0.17,4.3
Лосось с киноа и зелёной фасолью,Оливковое масло,5,884,0,100,0,0,0.0,44.2
Лосось с киноа и зелёной фасолью,Укроп,3,43,3.5,1.1,7,2.1,0.1,1.3
Лосось с киноа и зелёной фасолью,Лосось свежий,150,208,20,13,0,0,30.0,312.0
Треска с картофелем и лимонно-укропной заправкой,Треска,170,82,18,0.7,0,0,30.6,139.4
Треска с картофелем и лимонно-укропной заправкой,Картофель,240,77,2,0.1,17,2.2,4.8,184.8
Треска с картофелем и лимонно-укропной заправкой,Огурцы,100,15,0.7,0.1,3.6,0.5,0.7,15.0
Треска с картофелем и лимонно-укропной заправкой,Лимон,15,29,1.1,0.3,9.3,2.8,0.17,4.3
Треска с картофелем и лимонно-укропной заправкой,Оливковое масло,5,884,0,100,0,0,0.0,44.2
Треска с картофелем и лимонно-укропной заправкой,Укроп,4,43,3.5,1.1,7,2.1,0.14,1.7
Форель с кускусом и брокколи,Форель,160,148,20.5,6.5,0,0,32.8,236.8
Форель с кускусом и брокколи,Кускус,60,376,12.8,0.6,77,5,7.68,225.6
Форель с кускусом и брокколи,Брокколи,160,34,2.8,0.4,7,2.6,4.48,54.4
Форель с кускусом и брокколи,Лимон,15,29,1.1,0.3,9.3,2.8,0.17,4.3
Форель с кускусом и брокколи,Оливковое масло,5,884,0,100,0,0,0.0,44.2
Форель с кускусом и брокколи,Укроп,3,43,3.5,1.1,7,2.1,0.1,1.3
Форель с кускусом и брокколи,Соль,0.7,0,0,0,0,0,0.0,0.0
Форель с кускусом и брокколи,Чёрный перец,0.2,251,10.4,3.3,64,25,0.02,0.5
Креветки с рисом и кабачком в соево-имбирном соусе,Креветки сырые,170,85,20.1,0.5,0.2,0,34.17,144.5
Креветки с рисом и кабачком в соево-имбирном соусе,Рис,65,360,7,1,79,1.3,4.55,234.0
Креветки с рисом и кабачком в соево-имбирном соусе,Кабачок,150,17,1.2,0.3,3.1,1,1.8,25.5
Креветки с рисом и кабачком в соево-имбирном соусе,Соевый соус,15,53,8.1,0.6,4.9,0.8,1.22,8.0
Креветки с рисом и кабачком в соево-имбирном соусе,Имбирь,4,80,1.8,0.8,17.8,2,0.07,3.2
Креветки с рисом и кабачком в соево-имбирном соусе,Чеснок,3,149,6.4,0.5,33.1,2.1,0.19,4.5
Свинина с гречкой и горчичным соусом,Свинина постная,150,143,21.4,5.7,0,0,32.1,214.5
Свинина с гречкой и горчичным соусом,Гречка,65,343,13,3.4,72,10,8.45,222.9
Свинина с гречкой и горчичным соусом,Зелёная фасоль,140,31,1.8,0.2,7,3.4,2.52,43.4
Свинина с гречкой и горчичным соусом,Горчица,8,66,4.4,4,5.8,3.3,0.35,5.3
Свинина с гречкой и горчичным соусом,Уксус винный,8,19,0,0,0.3,0,0.0,1.5
Свинина с гречкой и горчичным соусом,Оливковое масло,4,884,0,100,0,0,0.0,35.4
"Тёплый салат с курицей, свёклой и фетой",Курица,145,120,22.5,2.6,0,0,32.62,174.0
"Тёплый салат с курицей, свёклой и фетой",Свёкла,140,43,1.6,0.2,10,2.8,2.24,60.2
"Тёплый салат с курицей, свёклой и фетой",Салат,70,15,1.4,0.2,2.9,1.3,0.98,10.5
"Тёплый салат с курицей, свёклой и фетой",Фета,35,265,14.2,21.5,3.9,0,4.97,92.8
"Тёплый салат с курицей, свёклой и фетой",Уксус бальзамический,10,88,0.5,0,17,0,0.05,8.8
"Тёплый салат с курицей, свёклой и фетой",Оливковое масло,5,884,0,100,0,0,0.0,44.2
"Тёплый салат с курицей, свёклой и фетой",Горчица,4,66,4.4,4,5.8,3.3,0.18,2.6
"Салат с консервированным тунцом, яйцом и картофелем",Тунец консервированный в собственном соку,120,116,25.5,0.8,0,0,30.6,139.2
"Салат с консервированным тунцом, яйцом и картофелем",Яйца,60,143,12.6,9.5,0.7,0,7.56,85.8
"Салат с консервированным тунцом, яйцом и картофелем",Картофель,180,77,2,0.1,17,2.2,3.6,138.6
"Салат с консервированным тунцом, яйцом и картофелем",Салат,70,15,1.4,0.2,2.9,1.3,0.98,10.5
"Салат с консервированным тунцом, яйцом и картофелем",Помидоры,100,18,0.9,0.2,3.9,1.2,0.9,18.0
"Салат с консервированным тунцом, яйцом и картофелем",Горчица,6,66,4.4,4,5.8,3.3,0.26,4.0
"Салат с консервированным тунцом, яйцом и картофелем",Лимон,10,29,1.1,0.3,9.3,2.8,0.11,2.9
"Салат с консервированным тунцом, яйцом и картофелем",Оливковое масло,5,884,0,100,0,0,0.0,44.2
Запечённый батат с нутом и тахини,Батат,240,86,1.6,0.1,20,3,3.84,206.4
Запечённый батат с нутом и тахини,Нут готовый,150,164,8.9,2.6,27.4,7.6,13.35,246.0
Запечённый батат с нутом и тахини,Шпинат,70,23,2.9,0.4,3.6,2.2,2.03,16.1
Запечённый батат с нутом и тахини,Тахини,18,595,17,54,21,9.3,3.06,107.1
Запечённый батат с нутом и тахини,Лимон,12,29,1.1,0.3,9.3,2.8,0.13,3.5
Запечённый батат с нутом и тахини,Чеснок,2,149,6.4,0.5,33.1,2.1,0.13,3.0
Тофу с баклажаном и рисом в соевом соусе,Тофу,170,144,17,9,3,2,28.9,244.8
Тофу с баклажаном и рисом в соевом соусе,Баклажан,160,25,1,0.2,6,3,1.6,40.0
Тофу с баклажаном и рисом в соевом соусе,Рис,65,360,7,1,79,1.3,4.55,234.0
Тофу с баклажаном и рисом в соевом соусе,Соевый соус,15,53,8.1,0.6,4.9,0.8,1.22,8.0
Тофу с баклажаном и рисом в соевом соусе,Имбирь,4,80,1.8,0.8,17.8,2,0.07,3.2
Тофу с баклажаном и рисом в соевом соусе,Чеснок,3,149,6.4,0.5,33.1,2.1,0.19,4.5
"Киноа с чечевицей, огурцом и лимонной заправкой",Киноа,60,368,14,6,64,7,8.4,220.8
"Киноа с чечевицей, огурцом и лимонной заправкой",Чечевица готовая,150,116,9.0,0.4,20.1,7.9,13.5,174.0
"Киноа с чечевицей, огурцом и лимонной заправкой",Огурцы,120,15,0.7,0.1,3.6,0.5,0.84,18.0
"Киноа с чечевицей, огурцом и лимонной заправкой",Помидоры,100,18,0.9,0.2,3.9,1.2,0.9,18.0
"Киноа с чечевицей, огурцом и лимонной заправкой",Лимон,15,29,1.1,0.3,9.3,2.8,0.17,4.3
"Киноа с чечевицей, огурцом и лимонной заправкой",Оливковое масло,6,884,0,100,0,0,0.0,53.0
"Киноа с чечевицей, огурцом и лимонной заправкой",Петрушка,4,36,3,0.8,6.3,3.3,0.12,1.4
Творог с малиной и миндалём,Творог 5%,160,121,17,5,3,0,27.2,193.6
Творог с малиной и миндалём,Малина,100,52,1.2,0.7,12,6.5,1.2,52.0
Творог с малиной и миндалём,Миндаль,15,579,21,50,22,12.5,3.15,86.8
"Тост с хумусом, огурцом и перцем",Хлеб цельнозерновой,65,252,12.45,3.5,42.71,6,8.09,163.8
"Тост с хумусом, огурцом и перцем",Хумус,75,166,8,10,14,6,6.0,124.5
"Тост с хумусом, огурцом и перцем",Огурцы,100,15,0.7,0.1,3.6,0.5,0.7,15.0
"Тост с хумусом, огурцом и перцем",Перец,80,31,1,0.3,6,2.1,0.8,24.8
"Тост с хумусом, огурцом и перцем",Чёрный перец,0.2,251,10.4,3.3,64,25,0.02,0.5
Кефир с бананом и льном,"Кефир 2,5%",220,53,3,2.5,4,0,6.6,116.6
Кефир с бананом и льном,Банан,90,89,1.1,0.3,23,2.6,0.99,80.1
Кефир с бананом и льном,Семена льна,10,534,18,42,29,27,1.8,53.4
Рикотта с клубникой и мёдом,Рикотта,120,174,11,13,3,0,13.2,208.8
Рикотта с клубникой и мёдом,Клубника,120,32,0.7,0.3,7.7,2,0.84,38.4
Рикотта с клубникой и мёдом,Мёд,8,304,0.3,0,82,0.2,0.02,24.3
Йогурт с яблоком и грецкими орехами,Греческий йогурт 2%,160,73,9,2,4,0,14.4,116.8
Йогурт с яблоком и грецкими орехами,Яблоко,120,52,0.3,0.2,14,2.4,0.36,62.4
Йогурт с яблоком и грецкими орехами,Грецкие орехи,15,654,15,65,14,6.7,2.25,98.1
Авокадо-тост с помидорами,Хлеб цельнозерновой,60,252,12.45,3.5,42.71,6,7.47,151.2
Авокадо-тост с помидорами,Авокадо,65,160,2,15,8.5,6.7,1.3,104.0
Авокадо-тост с помидорами,Помидоры,100,18,0.9,0.2,3.9,1.2,0.9,18.0
Авокадо-тост с помидорами,Лимон,8,29,1.1,0.3,9.3,2.8,0.09,2.3
Авокадо-тост с помидорами,Соль,0.4,0,0,0,0,0,0.0,0.0
Авокадо-тост с помидорами,Чёрный перец,0.2,251,10.4,3.3,64,25,0.02,0.5
Скумбрия с картофелем и огуречным салатом,Скумбрия,150,205,19,14,0,0,28.5,307.5
Скумбрия с картофелем и огуречным салатом,Картофель,220,77,2,0.1,17,2.2,4.4,169.4
Скумбрия с картофелем и огуречным салатом,Огурцы,120,15,0.7,0.1,3.6,0.5,0.84,18.0
Скумбрия с картофелем и огуречным салатом,Греческий йогурт 2%,35,73,9,2,4,0,3.15,25.6
Скумбрия с картофелем и огуречным салатом,Укроп,4,43,3.5,1.1,7,2.1,0.14,1.7
Скумбрия с картофелем и огуречным салатом,Лимон,10,29,1.1,0.3,9.3,2.8,0.11,2.9
"Индейка с перловкой, кабачком и шпинатом",Индейка,150,114,23.7,1.5,0,0,35.55,171.0
"Индейка с перловкой, кабачком и шпинатом",Перловка,65,352,9.9,1.2,78,15.6,6.43,228.8
"Индейка с перловкой, кабачком и шпинатом",Кабачок,140,17,1.2,0.3,3.1,1,1.68,23.8
"Индейка с перловкой, кабачком и шпинатом",Шпинат,70,23,2.9,0.4,3.6,2.2,2.03,16.1
"Индейка с перловкой, кабачком и шпинатом",Греческий йогурт 2%,35,73,9,2,4,0,3.15,25.6
"Индейка с перловкой, кабачком и шпинатом",Чеснок,3,149,6.4,0.5,33.1,2.1,0.19,4.5
Творог с клубникой и грецкими орехами,Творог 5%,160,121,17,5,3,0,27.2,193.6
Творог с клубникой и грецкими орехами,Клубника,120,32,0.7,0.3,7.7,2,0.84,38.4
Творог с клубникой и грецкими орехами,Грецкие орехи,15,654,15,65,14,6.7,2.25,98.1
Кефир с черникой и чиа,"Кефир 2,5%",220,53,3,2.5,4,0,6.6,116.6
Кефир с черникой и чиа,Черника,100,57,0.7,0.3,14,2.4,0.7,57.0
Кефир с черникой и чиа,Семена чиа,10,486,17,31,42,34,1.7,48.6
Омлет с брокколи и чеддером,Яйца,120,143,12.6,9.5,0.7,0,15.12,171.6
Омлет с брокколи и чеддером,Брокколи,100,34,2.8,0.4,7,2.6,2.8,34.0
Омлет с брокколи и чеддером,Чеддер,30,403,25,33,1.3,0,7.5,120.9
Омлет с брокколи и чеддером,Оливковое масло,4,884,0,100,0,0,0.0,35.4
Омлет с брокколи и чеддером,Соль,0.7,0,0,0,0,0,0.0,0.0
Омлет с брокколи и чеддером,Чёрный перец,0.2,251,10.4,3.3,64,25,0.02,0.5
Курица с гречкой и зелёной фасолью,Курица,150,120,22.5,2.6,0,0,33.75,180.0
Курица с гречкой и зелёной фасолью,Гречка,65,343,13,3.4,72,10,8.45,222.9
Курица с гречкой и зелёной фасолью,Зелёная фасоль,150,31,1.8,0.2,7,3.4,2.7,46.5
Курица с гречкой и зелёной фасолью,Греческий йогурт 2%,35,73,9,2,4,0,3.15,25.6
Курица с гречкой и зелёной фасолью,Чеснок,3,149,6.4,0.5,33.1,2.1,0.19,4.5
Курица с гречкой и зелёной фасолью,Укроп,3,43,3.5,1.1,7,2.1,0.1,1.3
Треска с киноа и кабачком,Треска,170,82,18,0.7,0,0,30.6,139.4
Треска с киноа и кабачком,Киноа,60,368,14,6,64,7,8.4,220.8
Треска с киноа и кабачком,Кабачок,150,17,1.2,0.3,3.1,1,1.8,25.5
Треска с киноа и кабачком,Лимон,15,29,1.1,0.3,9.3,2.8,0.17,4.3
Треска с киноа и кабачком,Оливковое масло,5,884,0,100,0,0,0.0,44.2
Треска с киноа и кабачком,Петрушка,4,36,3,0.8,6.3,3.3,0.12,1.4
Кускус с консервированным тунцом и огурцом,Кускус,65,376,12.8,0.6,77,5,8.32,244.4
Кускус с консервированным тунцом и огурцом,Тунец консервированный в собственном соку,120,116,25.5,0.8,0,0,30.6,139.2
Кускус с консервированным тунцом и огурцом,Огурцы,120,15,0.7,0.1,3.6,0.5,0.84,18.0
Кускус с консервированным тунцом и огурцом,Помидоры,100,18,0.9,0.2,3.9,1.2,0.9,18.0
Кускус с консервированным тунцом и огурцом,Лимон,10,29,1.1,0.3,9.3,2.8,0.11,2.9
Кускус с консервированным тунцом и огурцом,Оливковое масло,5,884,0,100,0,0,0.0,44.2
Булгур быстрого приготовления с нутом и томатами,Булгур,60,342,12,1.3,76,12.5,7.2,205.2
Булгур быстрого приготовления с нутом и томатами,Нут готовый,130,164,8.9,2.6,27.4,7.6,11.57,213.2
Булгур быстрого приготовления с нутом и томатами,Помидоры,130,18,0.9,0.2,3.9,1.2,1.17,23.4
Булгур быстрого приготовления с нутом и томатами,Огурцы,100,15,0.7,0.1,3.6,0.5,0.7,15.0
Булгур быстрого приготовления с нутом и томатами,Лимон,10,29,1.1,0.3,9.3,2.8,0.11,2.9
Булгур быстрого приготовления с нутом и томатами,Оливковое масло,5,884,0,100,0,0,0.0,44.2
Омлет с помидорами и фетой за 10 минут,Яйца,120,143,12.6,9.5,0.7,0,15.12,171.6
Омлет с помидорами и фетой за 10 минут,Помидоры,120,18,0.9,0.2,3.9,1.2,1.08,21.6
Омлет с помидорами и фетой за 10 минут,Фета,35,265,14.2,21.5,3.9,0,4.97,92.8
Омлет с помидорами и фетой за 10 минут,Шпинат,60,23,2.9,0.4,3.6,2.2,1.74,13.8
Омлет с помидорами и фетой за 10 минут,Оливковое масло,4,884,0,100,0,0,0.0,35.4
Омлет с помидорами и фетой за 10 минут,Соль,0.6,0,0,0,0,0,0.0,0.0
Омлет с помидорами и фетой за 10 минут,Чёрный перец,0.2,251,10.4,3.3,64,25,0.02,0.5
Тофу с кабачком и соевым соусом,Тофу,160,144,17,9,3,2,27.2,230.4
Тофу с кабачком и соевым соусом,Кабачок,160,17,1.2,0.3,3.1,1,1.92,27.2
Тофу с кабачком и соевым соусом,Соевый соус,15,53,8.1,0.6,4.9,0.8,1.22,8.0
Тофу с кабачком и соевым соусом,Имбирь,3,80,1.8,0.8,17.8,2,0.05,2.4
Тофу с кабачком и соевым соусом,Чеснок,2,149,6.4,0.5,33.1,2.1,0.13,3.0
Тофу с кабачком и соевым соусом,Оливковое масло,4,884,0,100,0,0,0.0,35.4
Креветки с кускусом и лимоном,Креветки сырые,160,85,20.1,0.5,0.2,0,32.16,136.0
Креветки с кускусом и лимоном,Кускус,60,376,12.8,0.6,77,5,7.68,225.6
Креветки с кускусом и лимоном,Огурцы,100,15,0.7,0.1,3.6,0.5,0.7,15.0
Креветки с кускусом и лимоном,Лимон,12,29,1.1,0.3,9.3,2.8,0.13,3.5
Креветки с кускусом и лимоном,Оливковое масло,5,884,0,100,0,0,0.0,44.2
Креветки с кускусом и лимоном,Петрушка,3,36,3,0.8,6.3,3.3,0.09,1.1
Тёплый боул с фасолью и рисом,Фасоль готовая,140,127,8.7,0.5,22.8,6.4,12.18,177.8
Тёплый боул с фасолью и рисом,Рис,60,360,7,1,79,1.3,4.2,216.0
Тёплый боул с фасолью и рисом,Помидоры,120,18,0.9,0.2,3.9,1.2,1.08,21.6
Тёплый боул с фасолью и рисом,Авокадо,60,160,2,15,8.5,6.7,1.2,96.0
Тёплый боул с фасолью и рисом,Лимон,10,29,1.1,0.3,9.3,2.8,0.11,2.9
Тост с консервированным тунцом и авокадо,Хлеб цельнозерновой,80,252,12.45,3.5,42.71,6,9.96,201.6
Тост с консервированным тунцом и авокадо,Тунец консервированный в собственном соку,120,116,25.5,0.8,0,0,30.6,139.2
Тост с консервированным тунцом и авокадо,Авокадо,65,160,2,15,8.5,6.7,1.3,104.0
Тост с консервированным тунцом и авокадо,Помидоры,100,18,0.9,0.2,3.9,1.2,0.9,18.0
Тост с консервированным тунцом и авокадо,Лимон,8,29,1.1,0.3,9.3,2.8,0.09,2.3
Тост с консервированным тунцом и авокадо,Чёрный перец,0.2,251,10.4,3.3,64,25,0.02,0.5
Тёплый кускус с чечевицей и шпинатом,Кускус,60,376,12.8,0.6,77,5,7.68,225.6
Тёплый кускус с чечевицей и шпинатом,Чечевица готовая,140,116,9.0,0.4,20.1,7.9,12.6,162.4
Тёплый кускус с чечевицей и шпинатом,Шпинат,80,23,2.9,0.4,3.6,2.2,2.32,18.4
Тёплый кускус с чечевицей и шпинатом,Помидоры,100,18,0.9,0.2,3.9,1.2,0.9,18.0
Тёплый кускус с чечевицей и шпинатом,Лимон,10,29,1.1,0.3,9.3,2.8,0.11,2.9
Тёплый кускус с чечевицей и шпинатом,Оливковое масло,5,884,0,100,0,0,0.0,44.2
Гречка с яйцом и шпинатом,Гречка,70,343,13,3.4,72,10,9.1,240.1
Гречка с яйцом и шпинатом,Яйца,120,143,12.6,9.5,0.7,0,15.12,171.6
Гречка с яйцом и шпинатом,Шпинат,80,23,2.9,0.4,3.6,2.2,2.32,18.4
Гречка с яйцом и шпинатом,Помидоры,100,18,0.9,0.2,3.9,1.2,0.9,18.0
Гречка с яйцом и шпинатом,Оливковое масло,4,884,0,100,0,0,0.0,35.4
Гречка с яйцом и шпинатом,Соль,0.7,0,0,0,0,0,0.0,0.0
Картофель с фасолью и томатным соусом,Картофель,240,77,2,0.1,17,2.2,4.8,184.8
Картофель с фасолью и томатным соусом,Фасоль готовая,150,127,8.7,0.5,22.8,6.4,13.05,190.5
Картофель с фасолью и томатным соусом,Томатная паста,30,82,4.3,0.5,18.9,4.1,1.29,24.6
Картофель с фасолью и томатным соусом,Помидоры,120,18,0.9,0.2,3.9,1.2,1.08,21.6
Картофель с фасолью и томатным соусом,Чеснок,2,149,6.4,0.5,33.1,2.1,0.13,3.0
Картофель с фасолью и томатным соусом,Петрушка,3,36,3,0.8,6.3,3.3,0.09,1.1
Чечевица с рисом и морковью,Чечевица готовая,150,116,9.0,0.4,20.1,7.9,13.5,174.0
Чечевица с рисом и морковью,Рис,65,360,7,1,79,1.3,4.55,234.0
Чечевица с рисом и морковью,Морковь,120,41,0.9,0.2,10,2.8,1.08,49.2
Чечевица с рисом и морковью,Помидоры,100,18,0.9,0.2,3.9,1.2,0.9,18.0
Чечевица с рисом и морковью,Чеснок,2,149,6.4,0.5,33.1,2.1,0.13,3.0
Чечевица с рисом и морковью,Сушёные травы,1,250,10,5,40,25,0.1,2.5
Омлет с картофелем и шпинатом,Яйца,120,143,12.6,9.5,0.7,0,15.12,171.6
Омлет с картофелем и шпинатом,Картофель,160,77,2,0.1,17,2.2,3.2,123.2
Омлет с картофелем и шпинатом,Шпинат,70,23,2.9,0.4,3.6,2.2,2.03,16.1
Омлет с картофелем и шпинатом,Оливковое масло,4,884,0,100,0,0,0.0,35.4
Омлет с картофелем и шпинатом,Соль,0.7,0,0,0,0,0,0.0,0.0
Омлет с картофелем и шпинатом,Чёрный перец,0.2,251,10.4,3.3,64,25,0.02,0.5
Булгур с чечевицей и морковью,Булгур,65,342,12,1.3,76,12.5,7.8,222.3
Булгур с чечевицей и морковью,Чечевица готовая,140,116,9.0,0.4,20.1,7.9,12.6,162.4
Булгур с чечевицей и морковью,Морковь,120,41,0.9,0.2,10,2.8,1.08,49.2
Булгур с чечевицей и морковью,Помидоры,100,18,0.9,0.2,3.9,1.2,0.9,18.0
Булгур с чечевицей и морковью,Лимон,8,29,1.1,0.3,9.3,2.8,0.09,2.3
Булгур с чечевицей и морковью,Оливковое масло,4,884,0,100,0,0,0.0,35.4
Рис с фасолью и перцем,Рис,65,360,7,1,79,1.3,4.55,234.0
Рис с фасолью и перцем,Фасоль готовая,150,127,8.7,0.5,22.8,6.4,13.05,190.5
Рис с фасолью и перцем,Перец,120,31,1,0.3,6,2.1,1.2,37.2
Рис с фасолью и перцем,Помидоры,100,18,0.9,0.2,3.9,1.2,0.9,18.0
Рис с фасолью и перцем,Чеснок,2,149,6.4,0.5,33.1,2.1,0.13,3.0
"Овсянка с бананом, льном и сливочным маслом",Овсянка,55,370,13,7,62,10,7.15,203.5
"Овсянка с бананом, льном и сливочным маслом",Банан,100,89,1.1,0.3,23,2.6,1.1,89.0
"Овсянка с бананом, льном и сливочным маслом",Семена льна,8,534,18,42,29,27,1.44,42.7
"Овсянка с бананом, льном и сливочным маслом",Сливочное масло,7,717,0.9,81.1,0.1,0,0.06,50.2
"Овсянка с бананом, льном и сливочным маслом",Соль,0.4,0,0,0,0,0,0.0,0.0
Овсянка с яблоком и семенами льна,Овсянка,55,370,13,7,62,10,7.15,203.5
Овсянка с яблоком и семенами льна,Яблоко,120,52,0.3,0.2,14,2.4,0.36,62.4
Овсянка с яблоком и семенами льна,Семена льна,10,534,18,42,29,27,1.8,53.4
Овсянка с яблоком и семенами льна,Соль,0.4,0,0,0,0,0,0.0,0.0
Рис с курицей и морковью,Курица,150,120,22.5,2.6,0,0,33.75,180.0
Рис с курицей и морковью,Рис,70,360,7,1,79,1.3,4.9,252.0
Рис с курицей и морковью,Морковь,130,41,0.9,0.2,10,2.8,1.17,53.3
Рис с курицей и морковью,Помидоры,100,18,0.9,0.2,3.9,1.2,0.9,18.0
Рис с курицей и морковью,Чеснок,2,149,6.4,0.5,33.1,2.1,0.13,3.0
Рис с курицей и морковью,Соль,0.7,0,0,0,0,0,0.0,0.0
Индейка с гречкой и морковью,Индейка,150,114,23.7,1.5,0,0,35.55,171.0
Индейка с гречкой и морковью,Гречка,70,343,13,3.4,72,10,9.1,240.1
Индейка с гречкой и морковью,Морковь,120,41,0.9,0.2,10,2.8,1.08,49.2
Индейка с гречкой и морковью,Кабачок,120,17,1.2,0.3,3.1,1,1.44,20.4
Индейка с гречкой и морковью,Оливковое масло,4,884,0,100,0,0,0.0,35.4
Индейка с гречкой и морковью,Соль,0.7,0,0,0,0,0,0.0,0.0
Треска с картофелем и морковью,Треска,170,82,18,0.7,0,0,30.6,139.4
Треска с картофелем и морковью,Картофель,220,77,2,0.1,17,2.2,4.4,169.4
Треска с картофелем и морковью,Морковь,120,41,0.9,0.2,10,2.8,1.08,49.2
Треска с картофелем и морковью,Лимон,10,29,1.1,0.3,9.3,2.8,0.11,2.9
Треска с картофелем и морковью,Оливковое масло,4,884,0,100,0,0,0.0,35.4
Курица с булгуром и кабачком,Курица,150,120,22.5,2.6,0,0,33.75,180.0
Курица с булгуром и кабачком,Булгур,65,342,12,1.3,76,12.5,7.8,222.3
Курица с булгуром и кабачком,Кабачок,150,17,1.2,0.3,3.1,1,1.8,25.5
Курица с булгуром и кабачком,Помидоры,100,18,0.9,0.2,3.9,1.2,0.9,18.0
Курица с булгуром и кабачком,Чеснок,2,149,6.4,0.5,33.1,2.1,0.13,3.0
Курица с булгуром и кабачком,Оливковое масло,4,884,0,100,0,0,0.0,35.4
Рисовая каша с бананом на воде,Рис,60,360,7,1,79,1.3,4.2,216.0
Рисовая каша с бананом на воде,Банан,100,89,1.1,0.3,23,2.6,1.1,89.0
Рисовая каша с бананом на воде,Соль,0.4,0,0,0,0,0,0.0,0.0
Омлет с кабачком и помидорами,Яйца,120,143,12.6,9.5,0.7,0,15.12,171.6
Омлет с кабачком и помидорами,Кабачок,100,17,1.2,0.3,3.1,1,1.2,17.0
Омлет с кабачком и помидорами,Помидоры,100,18,0.9,0.2,3.9,1.2,0.9,18.0
Омлет с кабачком и помидорами,Оливковое масло,4,884,0,100,0,0,0.0,35.4
Омлет с кабачком и помидорами,Соль,0.6,0,0,0,0,0,0.0,0.0
Курица с рисом и кабачком,Курица,150,120,22.5,2.6,0,0,33.75,180.0
Курица с рисом и кабачком,Рис,70,360,7,1,79,1.3,4.9,252.0
Курица с рисом и кабачком,Кабачок,150,17,1.2,0.3,3.1,1,1.8,25.5
Курица с рисом и кабачком,Морковь,100,41,0.9,0.2,10,2.8,0.9,41.0
Курица с рисом и кабачком,Оливковое масло,4,884,0,100,0,0,0.0,35.4
Курица с рисом и кабачком,Соль,0.7,0,0,0,0,0,0.0,0.0
Индейка с картофелем и кабачком,Индейка,150,114,23.7,1.5,0,0,35.55,171.0
Индейка с картофелем и кабачком,Картофель,220,77,2,0.1,17,2.2,4.4,169.4
Индейка с картофелем и кабачком,Кабачок,140,17,1.2,0.3,3.1,1,1.68,23.8
Индейка с картофелем и кабачком,Оливковое масло,4,884,0,100,0,0,0.0,35.4
Индейка с картофелем и кабачком,Соль,0.7,0,0,0,0,0,0.0,0.0
Треска с рисом и морковью,Треска,170,82,18,0.7,0,0,30.6,139.4
Треска с рисом и морковью,Рис,65,360,7,1,79,1.3,4.55,234.0
Треска с рисом и морковью,Морковь,120,41,0.9,0.2,10,2.8,1.08,49.2
Треска с рисом и морковью,Кабачок,120,17,1.2,0.3,3.1,1,1.44,20.4
Треска с рисом и морковью,Оливковое масло,4,884,0,100,0,0,0.0,35.4
Треска с рисом и морковью,Соль,0.6,0,0,0,0,0,0.0,0.0
Курица с картофелем и шпинатом,Курица,150,120,22.5,2.6,0,0,33.75,180.0
Курица с картофелем и шпинатом,Картофель,220,77,2,0.1,17,2.2,4.4,169.4
Курица с картофелем и шпинатом,Шпинат,70,23,2.9,0.4,3.6,2.2,2.03,16.1
Курица с картофелем и шпинатом,Оливковое масло,4,884,0,100,0,0,0.0,35.4
Курица с картофелем и шпинатом,Соль,0.7,0,0,0,0,0,0.0,0.0
Тост с яичным салатом и огурцом,Хлеб цельнозерновой,60,252,12.45,3.5,42.71,6,7.47,151.2
Тост с яичным салатом и огурцом,Яйца,60,143,12.6,9.5,0.7,0,7.56,85.8
Тост с яичным салатом и огурцом,Огурцы,80,15,0.7,0.1,3.6,0.5,0.56,12.0
Тост с яичным салатом и огурцом,Греческий йогурт 2%,35,73,9,2,4,0,3.15,25.6
Тост с яичным салатом и огурцом,Горчица,4,66,4.4,4,5.8,3.3,0.18,2.6
Тост с яичным салатом и огурцом,Укроп,2,43,3.5,1.1,7,2.1,0.07,0.9
Тост с яичным салатом и огурцом,Соль,0.3,0,0,0,0,0,0.0,0.0
Тост с яичным салатом и огурцом,Чёрный перец,0.1,251,10.4,3.3,64,25,0.01,0.3
Рисовая каша с бананом и черникой,Рис,55,360,7,1,79,1.3,3.85,198.0
Рисовая каша с бананом и черникой,"Молоко 3,2%",180,60,3.2,3.2,4.7,0,5.76,108.0
Рисовая каша с бананом и черникой,Банан,100,89,1.1,0.3,23,2.6,1.1,89.0
Рисовая каша с бананом и черникой,Черника,45,57,0.7,0.3,14,2.4,0.31,25.6
Рисовая каша с бананом и черникой,Сливочное масло,7,717,0.9,81.1,0.1,0,0.06,50.2
Рисовая каша с бананом и черникой,Соль,0.4,0,0,0,0,0,0.0,0.0
Тост с яйцом и авокадо,Хлеб цельнозерновой,70,252,12.45,3.5,42.71,6,8.71,176.4
Тост с яйцом и авокадо,Яйца,60,143,12.6,9.5,0.7,0,7.56,85.8
Тост с яйцом и авокадо,Авокадо,60,160,2,15,8.5,6.7,1.2,96.0
Тост с яйцом и авокадо,Помидоры,80,18,0.9,0.2,3.9,1.2,0.72,14.4
Тост с яйцом и авокадо,Соль,0.4,0,0,0,0,0,0.0,0.0
Тост с яйцом и авокадо,Чёрный перец,0.2,251,10.4,3.3,64,25,0.02,0.5
Овсянка с бананом и семенами льна,Овсянка,55,370,13,7,62,10,7.15,203.5
Овсянка с бананом и семенами льна,Банан,100,89,1.1,0.3,23,2.6,1.1,89.0
Овсянка с бананом и семенами льна,Семена льна,10,534,18,42,29,27,1.8,53.4
Овсянка с бананом и семенами льна,Соль,0.4,0,0,0,0,0,0.0,0.0
Яичный тост с огурцом,Хлеб цельнозерновой,70,252,12.45,3.5,42.71,6,8.71,176.4
Яичный тост с огурцом,Яйца,60,143,12.6,9.5,0.7,0,7.56,85.8
Яичный тост с огурцом,Огурцы,100,15,0.7,0.1,3.6,0.5,0.7,15.0
Яичный тост с огурцом,Соль,0.4,0,0,0,0,0,0.0,0.0
Кускус с яйцом и помидорами,Кускус,60,376,12.8,0.6,77,5,7.68,225.6
Кускус с яйцом и помидорами,Яйца,60,143,12.6,9.5,0.7,0,7.56,85.8
Кускус с яйцом и помидорами,Помидоры,120,18,0.9,0.2,3.9,1.2,1.08,21.6
Кускус с яйцом и помидорами,Огурцы,100,15,0.7,0.1,3.6,0.5,0.7,15.0
Кускус с яйцом и помидорами,Оливковое масло,4,884,0,100,0,0,0.0,35.4
"Тост с хумусом, яйцом и огурцом",Хлеб цельнозерновой,80,252,12.45,3.5,42.71,6,9.96,201.6
"Тост с хумусом, яйцом и огурцом",Хумус,70,166,8,10,14,6,5.6,116.2
"Тост с хумусом, яйцом и огурцом",Яйца,60,143,12.6,9.5,0.7,0,7.56,85.8
"Тост с хумусом, яйцом и огурцом",Огурцы,100,15,0.7,0.1,3.6,0.5,0.7,15.0
Салат с консервированным тунцом и кускусом,Тунец консервированный в собственном соку,120,116,25.5,0.8,0,0,30.6,139.2
Салат с консервированным тунцом и кускусом,Кускус,60,376,12.8,0.6,77,5,7.68,225.6
Салат с консервированным тунцом и кускусом,Помидоры,120,18,0.9,0.2,3.9,1.2,1.08,21.6
Салат с консервированным тунцом и кускусом,Огурцы,100,15,0.7,0.1,3.6,0.5,0.7,15.0
Салат с консервированным тунцом и кускусом,Лимон,10,29,1.1,0.3,9.3,2.8,0.11,2.9
Салат с консервированным тунцом и кускусом,Оливковое масло,5,884,0,100,0,0,0.0,44.2
Тёплый рис с яйцом и шпинатом,Рис,70,360,7,1,79,1.3,4.9,252.0
Тёплый рис с яйцом и шпинатом,Яйца,60,143,12.6,9.5,0.7,0,7.56,85.8
Тёплый рис с яйцом и шпинатом,Шпинат,70,23,2.9,0.4,3.6,2.2,2.03,16.1
Тёплый рис с яйцом и шпинатом,Помидоры,100,18,0.9,0.2,3.9,1.2,0.9,18.0
Тёплый рис с яйцом и шпинатом,Соевый соус,10,53,8.1,0.6,4.9,0.8,0.81,5.3
Яичница с помидорами и шпинатом,Яйца,120,143,12.6,9.5,0.7,0,15.12,171.6
Яичница с помидорами и шпинатом,Помидоры,120,18,0.9,0.2,3.9,1.2,1.08,21.6
Яичница с помидорами и шпинатом,Шпинат,70,23,2.9,0.4,3.6,2.2,2.03,16.1
Яичница с помидорами и шпинатом,Оливковое масло,4,884,0,100,0,0,0.0,35.4
Яичница с помидорами и шпинатом,Соль,0.6,0,0,0,0,0,0.0,0.0
Тофу с помидорами и шпинатом,Тофу,160,144,17,9,3,2,27.2,230.4
Тофу с помидорами и шпинатом,Помидоры,120,18,0.9,0.2,3.9,1.2,1.08,21.6
Тофу с помидорами и шпинатом,Шпинат,70,23,2.9,0.4,3.6,2.2,2.03,16.1
Тофу с помидорами и шпинатом,Соевый соус,12,53,8.1,0.6,4.9,0.8,0.97,6.4
Тофу с помидорами и шпинатом,Чеснок,2,149,6.4,0.5,33.1,2.1,0.13,3.0
Консервированный тунец с картофелем и огурцом,Тунец консервированный в собственном соку,120,116,25.5,0.8,0,0,30.6,139.2
Консервированный тунец с картофелем и огурцом,Картофель,200,77,2,0.1,17,2.2,4.0,154.0
Консервированный тунец с картофелем и огурцом,Огурцы,120,15,0.7,0.1,3.6,0.5,0.84,18.0
Консервированный тунец с картофелем и огурцом,Лимон,10,29,1.1,0.3,9.3,2.8,0.11,2.9
Консервированный тунец с картофелем и огурцом,Оливковое масло,5,884,0,100,0,0,0.0,44.2
Кускус с тофу и огурцом,Кускус,60,376,12.8,0.6,77,5,7.68,225.6
Кускус с тофу и огурцом,Тофу,150,144,17,9,3,2,25.5,216.0
Кускус с тофу и огурцом,Огурцы,120,15,0.7,0.1,3.6,0.5,0.84,18.0
Кускус с тофу и огурцом,Помидоры,100,18,0.9,0.2,3.9,1.2,0.9,18.0
Кускус с тофу и огурцом,Соевый соус,10,53,8.1,0.6,4.9,0.8,0.81,5.3
Булгур с индейкой и кабачком,Индейка,150,114,23.7,1.5,0,0,35.55,171.0
Булгур с индейкой и кабачком,Булгур,65,342,12,1.3,76,12.5,7.8,222.3
Булгур с индейкой и кабачком,Кабачок,130,17,1.2,0.3,3.1,1,1.56,22.1
Булгур с индейкой и кабачком,Морковь,70,41,0.9,0.2,10,2.8,0.63,28.7
Булгур с индейкой и кабачком,Оливковое масло,5,884,0,100,0,0,0.0,44.2
Булгур с индейкой и кабачком,Соль,0.6,0,0,0,0,0,0.0,0.0
Гречка с курицей и грибами,Курица,150,120,22.5,2.6,0,0,33.75,180.0
Гречка с курицей и грибами,Гречка,65,343,13,3.4,72,10,8.45,222.9
Гречка с курицей и грибами,Шампиньоны,120,0,0,0,0,0,0.0,0.0
Гречка с курицей и грибами,Морковь,60,41,0.9,0.2,10,2.8,0.54,24.6
Гречка с курицей и грибами,Лук,50,0,0,0,0,0,0.0,0.0
Гречка с курицей и грибами,Оливковое масло,5,884,0,100,0,0,0.0,44.2
Рис с индейкой и овощами,Индейка,150,114,23.7,1.5,0,0,35.55,171.0
Рис с индейкой и овощами,Рис,65,360,7,1,79,1.3,4.55,234.0
Рис с индейкой и овощами,Перец,100,31,1,0.3,6,2.1,1.0,31.0
Рис с индейкой и овощами,Морковь,70,41,0.9,0.2,10,2.8,0.63,28.7
Рис с индейкой и овощами,Помидоры,100,18,0.9,0.2,3.9,1.2,0.9,18.0
Чечевица с томатами и шпинатом,Чечевица готовая,180,116,9.0,0.4,20.1,7.9,16.2,208.8
Чечевица с томатами и шпинатом,Помидоры,140,18,0.9,0.2,3.9,1.2,1.26,25.2
Чечевица с томатами и шпинатом,Шпинат,70,23,2.9,0.4,3.6,2.2,2.03,16.1
Чечевица с томатами и шпинатом,Морковь,60,41,0.9,0.2,10,2.8,0.54,24.6
Чечевица с томатами и шпинатом,Оливковое масло,5,884,0,100,0,0,0.0,44.2
Киноа с курицей и брокколи,Курица,150,120,22.5,2.6,0,0,33.75,180.0
Киноа с курицей и брокколи,Киноа,60,368,14,6,64,7,8.4,220.8
Киноа с курицей и брокколи,Брокколи,140,34,2.8,0.4,7,2.6,3.92,47.6
Киноа с курицей и брокколи,Морковь,60,41,0.9,0.2,10,2.8,0.54,24.6
Перловка с индейкой и грибами,Индейка,150,114,23.7,1.5,0,0,35.55,171.0
Перловка с индейкой и грибами,Перловка,65,352,9.9,1.2,78,15.6,6.43,228.8
Перловка с индейкой и грибами,Шампиньоны,120,0,0,0,0,0,0.0,0.0
Перловка с индейкой и грибами,Морковь,70,41,0.9,0.2,10,2.8,0.63,28.7
Перловка с индейкой и грибами,Лук,50,0,0,0,0,0,0.0,0.0
Рис с тофу и овощами,Тофу,170,144,17,9,3,2,28.9,244.8
Рис с тофу и овощами,Рис,65,360,7,1,79,1.3,4.55,234.0
Рис с тофу и овощами,Перец,100,31,1,0.3,6,2.1,1.0,31.0
Рис с тофу и овощами,Кабачок,120,17,1.2,0.3,3.1,1,1.44,20.4
Рис с тофу и овощами,Соевый соус,12,53,8.1,0.6,4.9,0.8,0.97,6.4
Гречка с чечевицей и морковью,Гречка,60,343,13,3.4,72,10,7.8,205.8
Гречка с чечевицей и морковью,Чечевица готовая,150,116,9.0,0.4,20.1,7.9,13.5,174.0
Гречка с чечевицей и морковью,Морковь,80,41,0.9,0.2,10,2.8,0.72,32.8
Гречка с чечевицей и морковью,Помидоры,120,18,0.9,0.2,3.9,1.2,1.08,21.6
Булгур с нутом и томатами,Булгур,60,342,12,1.3,76,12.5,7.2,205.2
Булгур с нутом и томатами,Нут готовый,150,164,8.9,2.6,27.4,7.6,13.35,246.0
Булгур с нутом и томатами,Помидоры,140,18,0.9,0.2,3.9,1.2,1.26,25.2
Булгур с нутом и томатами,Морковь,70,41,0.9,0.2,10,2.8,0.63,28.7
Булгур с нутом и томатами,Петрушка,8,36,3,0.8,6.3,3.3,0.24,2.9
Киноа с тофу и шпинатом,Киноа,60,368,14,6,64,7,8.4,220.8
Киноа с тофу и шпинатом,Тофу,160,144,17,9,3,2,27.2,230.4
Киноа с тофу и шпинатом,Шпинат,80,23,2.9,0.4,3.6,2.2,2.32,18.4
Киноа с тофу и шпинатом,Помидоры,120,18,0.9,0.2,3.9,1.2,1.08,21.6
Киноа с тофу и шпинатом,Соевый соус,10,53,8.1,0.6,4.9,0.8,0.81,5.3
Рис с курицей и тыквой,Рис,65,360,7,1,79,1.3,4.55,234.0
Рис с курицей и тыквой,Курица,150,120,22.5,2.6,0,0,33.75,180.0
Рис с курицей и тыквой,Тыква,150,26,1,0.1,6.5,0.5,1.5,39.0
Рис с курицей и тыквой,Морковь,60,41,0.9,0.2,10,2.8,0.54,24.6
Чечевица с индейкой и овощами,Чечевица готовая,170,116,9.0,0.4,20.1,7.9,15.3,197.2
Чечевица с индейкой и овощами,Индейка,140,114,23.7,1.5,0,0,33.18,159.6
Чечевица с индейкой и овощами,Помидоры,120,18,0.9,0.2,3.9,1.2,1.08,21.6
Чечевица с индейкой и овощами,Морковь,70,41,0.9,0.2,10,2.8,0.63,28.7
Чечевица с индейкой и овощами,Шпинат,60,23,2.9,0.4,3.6,2.2,1.74,13.8
Курица с брокколи в аэрогриле,Курица,160,120,22.5,2.6,0,0,36.0,192.0
Курица с брокколи в аэрогриле,Брокколи,160,34,2.8,0.4,7,2.6,4.48,54.4
Курица с брокколи в аэрогриле,Оливковое масло,6,884,0,100,0,0,0.0,53.0
Курица с брокколи в аэрогриле,Паприка,1,0,0,0,0,0,0.0,0.0
Курица с брокколи в аэрогриле,Чеснок,2,149,6.4,0.5,33.1,2.1,0.13,3.0
Индейка с кабачком в аэрогриле,Индейка,160,114,23.7,1.5,0,0,37.92,182.4
Индейка с кабачком в аэрогриле,Кабачок,170,17,1.2,0.3,3.1,1,2.04,28.9
Индейка с кабачком в аэрогриле,Оливковое масло,6,884,0,100,0,0,0.0,53.0
Индейка с кабачком в аэрогриле,Паприка,1,0,0,0,0,0,0.0,0.0
Лосось с брокколи в аэрогриле,Брокколи,160,34,2.8,0.4,7,2.6,4.48,54.4
Лосось с брокколи в аэрогриле,Лимон,15,29,1.1,0.3,9.3,2.8,0.17,4.3
Лосось с брокколи в аэрогриле,Оливковое масло,5,884,0,100,0,0,0.0,44.2
Лосось с брокколи в аэрогриле,Лосось свежий,160,208,20,13,0,0,32.0,332.8
Треска с кабачком в аэрогриле,Треска,180,82,18,0.7,0,0,32.4,147.6
Треска с кабачком в аэрогриле,Кабачок,170,17,1.2,0.3,3.1,1,2.04,28.9
Треска с кабачком в аэрогриле,Лимон,15,29,1.1,0.3,9.3,2.8,0.17,4.3
Треска с кабачком в аэрогриле,Оливковое масло,5,884,0,100,0,0,0.0,44.2
Креветки с перцем в аэрогриле,Креветки сырые,170,85,20.1,0.5,0.2,0,34.17,144.5
Креветки с перцем в аэрогриле,Перец,160,31,1,0.3,6,2.1,1.6,49.6
Креветки с перцем в аэрогриле,Оливковое масло,5,884,0,100,0,0,0.0,44.2
Креветки с перцем в аэрогриле,Чеснок,2,149,6.4,0.5,33.1,2.1,0.13,3.0
Тофу с брокколи в аэрогриле,Тофу,180,144,17,9,3,2,30.6,259.2
Тофу с брокколи в аэрогриле,Брокколи,160,34,2.8,0.4,7,2.6,4.48,54.4
Тофу с брокколи в аэрогриле,Соевый соус,12,53,8.1,0.6,4.9,0.8,0.97,6.4
Тофу с брокколи в аэрогриле,Оливковое масло,4,884,0,100,0,0,0.0,35.4
Курица с бататом в аэрогриле,Курица,160,120,22.5,2.6,0,0,36.0,192.0
Курица с бататом в аэрогриле,Батат,190,86,1.6,0.1,20,3,3.04,163.4
Курица с бататом в аэрогриле,Оливковое масло,6,884,0,100,0,0,0.0,53.0
Курица с бататом в аэрогриле,Паприка,1,0,0,0,0,0,0.0,0.0
Индейка с цветной капустой в аэрогриле,Индейка,160,114,23.7,1.5,0,0,37.92,182.4
Индейка с цветной капустой в аэрогриле,Цветная капуста,180,25,1.9,0.3,5,2,3.42,45.0
Индейка с цветной капустой в аэрогриле,Оливковое масло,6,884,0,100,0,0,0.0,53.0
Форель с кабачком в аэрогриле,Форель,160,148,20.5,6.5,0,0,32.8,236.8
Форель с кабачком в аэрогриле,Кабачок,170,17,1.2,0.3,3.1,1,2.04,28.9
Форель с кабачком в аэрогриле,Лимон,15,29,1.1,0.3,9.3,2.8,0.17,4.3
Форель с кабачком в аэрогриле,Оливковое масло,5,884,0,100,0,0,0.0,44.2
Тофу с бататом в аэрогриле,Тофу,180,144,17,9,3,2,30.6,259.2
Тофу с бататом в аэрогриле,Батат,180,86,1.6,0.1,20,3,2.88,154.8
Тофу с бататом в аэрогриле,Соевый соус,12,53,8.1,0.6,4.9,0.8,0.97,6.4
Тофу с бататом в аэрогриле,Оливковое масло,5,884,0,100,0,0,0.0,44.2
Креветки с брокколи в аэрогриле,Креветки сырые,170,85,20.1,0.5,0.2,0,34.17,144.5
Креветки с брокколи в аэрогриле,Брокколи,160,34,2.8,0.4,7,2.6,4.48,54.4
Креветки с брокколи в аэрогриле,Оливковое масло,5,884,0,100,0,0,0.0,44.2
Креветки с брокколи в аэрогриле,Лимон,12,29,1.1,0.3,9.3,2.8,0.13,3.5
Курица с цветной капустой в аэрогриле,Курица,160,120,22.5,2.6,0,0,36.0,192.0
Курица с цветной капустой в аэрогриле,Цветная капуста,180,25,1.9,0.3,5,2,3.42,45.0
Курица с цветной капустой в аэрогриле,Оливковое масло,6,884,0,100,0,0,0.0,53.0
Курица с цветной капустой в аэрогриле,Паприка,1,0,0,0,0,0,0.0,0.0
